Workbook

Sheet PIVOT
A3: Row Labels | B3: Sum of Revenue_clean | F3: Row Labels | G3: Sum of Revenue_clean | K3: Average of delivery_days_clean
A4: Asia | B4: 89357.5 | F4: Unknown | G4: 147975.07 | K4: 3.2220039
A5: Unknown | B5: 195727.39 | F5: Mobile | G5: 214306.98
A6: USA | B6: 205070.84 | F6: Online | G6: 348509.29
A7: Europe | B7: 220635.61 | F7: Grand Total | G7: 710791.34
A8: Grand Total | B8: 710791.34
A12: Row Labels | B12: Count of order_id_clean | F12: Row Labels | G12: Count of order_id_clean
A13: Laptop | B13: 158 | F13: Pending | G13: 103 | I13: =GETPIVOTDATA("order_id_clean",$F$12,"order_stauts_clean","Delivered") -> 218
A14: Phone | B14: 191 | F14: Unknown | G14: 109
A15: Tablet | B15: 193 | F15: Returned | G15: 190 | I15: =(GETPIVOTDATA("order_id_clean",$F$12,"order_stauts_clean","Returned")) -> 190
A16: Unknown | B16: 78 | F16: Delivered | G16: 218
A17: Grand Total | B17: 620 | F17: Grand Total | G17: 620 | I17: =I15/(I15+I13) -> 0.46568627

Sheet Raw_ecommerce
A1: order_id | B1: order_id_clean | C1: order_date | D1: order_date_clean | E1: customer_name | F1: Customer_name_clean | G1: region | H1: Region_clean | I1: sales_channel | J1: Sales_channel_clean | K1: product | L1: Product_clean | M1: quantity | N1: Quantity_clean | O1: revenue | P1: Revenue_clean | Q1: currency | R1: currency_clean | S1: order_status | T1: order_stauts_clean | U1: delivery_days | V1: delivery_days_clean | W1: notes
A2: 1000 | B2: =IF(ISBLANK(Table1[[#This Row],[order_id]]),"",IF(LEFT(Table1[[#This Row],[order_id]],3)="ORD",Table1[[#This Row],[order_id]],"ORD-" & Table1[[#This Row],[order_id]])) -> ORD-1000 | C2: 23/11/2024 | D2: =IFERROR(DATEVALUE(Table1[[#This Row],[order_date]]),"") -> 45619 | E2: customer 0 | F2: =IF(ISBLANK(Table1[[#This Row],[customer_name]]),"Unknown Customer",PROPER(SUBSTITUTE(Table1[[#This Row],[customer_name]],"Cust.","Customer"))) -> Customer 0 | H2: =IFERROR(_xlfn.XLOOKUP(Table1[[#This Row],[region]],Mappings!$C$3:$C$8,Mappings!$D$3:$D$8,,0,1),"Unknown") -> Unknown | I2: Online | J2: =IFERROR(_xlfn.XLOOKUP(Table1[[#This Row],[sales_channel]],Table4[Original],Table4[Clean],,0,1),"Unknown") -> Online | K2: TABLET | L2: =IFERROR(_xlfn.XLOOKUP(Table1[[#This Row],[product]],Table3[Original],Table3[Product_clean],,0,1),"Unknown") -> Tablet | N2: =IF(ISNUMBER(Table1[[#This Row],[quantity]]),Table1[[#This Row],[quantity]],IFERROR(VLOOKUP(Table1[[#This Row],[quantity]],Table5[#All],2,FALSE),"Unknown")) -> Unknown | O2: $378.43 | P2: =IFERROR(VALUE(SUBSTITUTE(SUBSTITUTE(SUBSTITUTE(Table1[[#This Row],[revenue]],"EUR",""),"$",""),".",",")),"") -> 378.43 | Q2: EUR | R2: =IF(OR(Table1[[#This Row],[currency]]="EUR",Table1[[#This Row],[currency]]="€"),"EUR",IF(OR(Table1[[#This Row],[currency]]="USD",Table1[[#This Row],[currency]]="$"),"USD","Unknown")) -> EUR | S2: pending | T2: =IFERROR(_xlfn.XLOOKUP(Table1[[#This Row],[order_status]],Table8[Original],Table8[Clean],,0,1),"Unknown") -> Pending | U2: 5 | V2: =IF(ISNUMBER(Table1[[#This Row],[delivery_days]]),Table1[[#This Row],[delivery_days]],IFERROR(_xlfn.XLOOKUP(Table1[[#This Row],[delivery_days]],Table57[Original],Table57[Clean],,0,1),"Unknown")) -> 5
B3: =IF(ISBLANK(Table1[[#This Row],[order_id]]),"",IF(LEFT(Table1[[#This Row],[order_id]],3)="ORD",Table1[[#This Row],[order_id]],"ORD-" & Table1[[#This Row],[order_id]])) | C3: 2024-01-16 | D3: =IFERROR(DATEVALUE(Table1[[#This Row],[order_date]]),"") -> 45307 | E3: customer 1 | F3: =IF(ISBLANK(Table1[[#This Row],[customer_name]]),"Unknown Customer",PROPER(SUBSTITUTE(Table1[[#This Row],[customer_name]],"Cust.","Customer"))) -> Customer 1 | H3: =IFERROR(_xlfn.XLOOKUP(Table1[[#This Row],[region]],Mappings!$C$3:$C$8,Mappings!$D$3:$D$8,,0,1),"Unknown") -> Unknown | J3: =IFERROR(_xlfn.XLOOKUP(Table1[[#This Row],[sales_channel]],Table4[Original],Table4[Clean],,0,1),"Unknown") -> Unknown | K3: TABLET | L3: =IFERROR(_xlfn.XLOOKUP(Table1[[#This Row],[product]],Table3[Original],Table3[Product_clean],,0,1),"Unknown") -> Tablet | N3: =IF(ISNUMBER(Table1[[#This Row],[quantity]]),Table1[[#This Row],[quantity]],IFERROR(VLOOKUP(Table1[[#This Row],[quantity]],Table5[#All],2,FALSE),"Unknown")) -> Unknown | O3: 326.4 EUR | P3: =IFERROR(VALUE(SUBSTITUTE(SUBSTITUTE(SUBSTITUTE(Table1[[#This Row],[revenue]],"EUR",""),"$",""),".",",")),"") -> 326.4 | Q3: $ | R3: =IF(OR(Table1[[#This Row],[currency]]="EUR",Table1[[#This Row],[currency]]="€"),"EUR",IF(OR(Table1[[#This Row],[currency]]="USD",Table1[[#This Row],[currency]]="$"),"USD","Unknown")) -> USD | S3: Delivered | T3: =IFERROR(_xlfn.XLOOKUP(Table1[[#This Row],[order_status]],Table8[Original],Table8[Clean],,0,1),"Unknown") -> Delivered | U3: 5 | V3: =IF(ISNUMBER(Table1[[#This Row],[delivery_days]]),Table1[[#This Row],[delivery_days]],IFERROR(_xlfn.XLOOKUP(Table1[[#This Row],[delivery_days]],Table57[Original],Table57[Clean],,0,1),"Unknown")) -> 5 | W3: VIP
B4: =IF(ISBLANK(Table1[[#This Row],[order_id]]),"",IF(LEFT(Table1[[#This Row],[order_id]],3)="ORD",Table1[[#This Row],[order_id]],"ORD-" & Table1[[#This Row],[order_id]])) | D4: =IFERROR(DATEVALUE(Table1[[#This Row],[order_date]]),"") | E4: Cust. 2 | F4: =IF(ISBLANK(Table1[[#This Row],[customer_name]]),"Unknown Customer",PROPER(SUBSTITUTE(Table1[[#This Row],[customer_name]],"Cust.","Customer"))) -> Customer 2 | G4: Asia | H4: =IFERROR(_xlfn.XLOOKUP(Table1[[#This Row],[region]],Mappings!$C$3:$C$8,Mappings!$D$3:$D$8,,0,1),"Unknown") -> Asia | I4: online | J4: =IFERROR(_xlfn.XLOOKUP(Table1[[#This Row],[sales_channel]],Table4[Original],Table4[Clean],,0,1),"Unknown") -> Online | K4: Lapotp | L4: =IFERROR(_xlfn.XLOOKUP(Table1[[#This Row],[product]],Table3[Original],Table3[Product_clean],,0,1),"Unknown") -> Laptop | M4: 3 | N4: =IF(ISNUMBER(Table1[[#This Row],[quantity]]),Table1[[#This Row],[quantity]],IFERROR(VLOOKUP(Table1[[#This Row],[quantity]],Table5[#All],2,FALSE),"Unknown")) -> 3 | O4: 2614.44 EUR | P4: =IFERROR(VALUE(SUBSTITUTE(SUBSTITUTE(SUBSTITUTE(Table1[[#This Row],[revenue]],"EUR",""),"$",""),".",",")),"") -> 2614.44 | Q4: EUR | R4: =IF(OR(Table1[[#This Row],[currency]]="EUR",Table1[[#This Row],[currency]]="€"),"EUR",IF(OR(Table1[[#This Row],[currency]]="USD",Table1[[#This Row],[currency]]="$"),"USD","Unknown")) -> EUR | S4: delivered | T4: =IFERROR(_xlfn.XLOOKUP(Table1[[#This Row],[order_status]],Table8[Original],Table8[Clean],,0,1),"Unknown") -> Delivered | U4: 5 | V4: =IF(ISNUMBER(Table1[[#This Row],[delivery_days]]),Table1[[#This Row],[delivery_days]],IFERROR(_xlfn.XLOOKUP(Table1[[#This Row],[delivery_days]],Table57[Original],Table57[Clean],,0,1),"Unknown")) -> 5
A5: 1003 | B5: =IF(ISBLANK(Table1[[#This Row],[order_id]]),"",IF(LEFT(Table1[[#This Row],[order_id]],3)="ORD",Table1[[#This Row],[order_id]],"ORD-" & Table1[[#This Row],[order_id]])) -> ORD-1003 | D5: =IFERROR(DATEVALUE(Table1[[#This Row],[order_date]]),"") | E5: Customer 3 | F5: =IF(ISBLANK(Table1[[#This Row],[customer_name]]),"Unknown Customer",PROPER(SUBSTITUTE(Table1[[#This Row],[customer_name]],"Cust.","Customer"))) -> Customer 3 | G5: europe | H5: =IFERROR(_xlfn.XLOOKUP(Table1[[#This Row],[region]],Mappings!$C$3:$C$8,Mappings!$D$3:$D$8,,0,1),"Unknown") -> Europe | I5: Online | J5: =IFERROR(_xlfn.XLOOKUP(Table1[[#This Row],[sales_channel]],Table4[Original],Table4[Clean],,0,1),"Unknown") -> Online | K5: Tablet | L5: =IFERROR(_xlfn.XLOOKUP(Table1[[#This Row],[product]],Table3[Original],Table3[Product_clean],,0,1),"Unknown") -> Tablet | M5: 3 | N5: =IF(ISNUMBER(Table1[[#This Row],[quantity]]),Table1[[#This Row],[quantity]],IFERROR(VLOOKUP(Table1[[#This Row],[quantity]],Table5[#All],2,FALSE),"Unknown")) -> 3 | O5: $2550.11 | P5: =IFERROR(VALUE(SUBSTITUTE(SUBSTITUTE(SUBSTITUTE(Table1[[#This Row],[revenue]],"EUR",""),"$",""),".",",")),"") -> 2550.11 | R5: =IF(OR(Table1[[#This Row],[currency]]="EUR",Table1[[#This Row],[currency]]="€"),"EUR",IF(OR(Table1[[#This Row],[currency]]="USD",Table1[[#This Row],[currency]]="$"),"USD","Unknown")) -> Unknown | S5: RETURNED | T5: =IFERROR(_xlfn.XLOOKUP(Table1[[#This Row],[order_status]],Table8[Original],Table8[Clean],,0,1),"Unknown") -> Returned | U5: five | V5: =IF(ISNUMBER(Table1[[#This Row],[delivery_days]]),Table1[[#This Row],[delivery_days]],IFERROR(_xlfn.XLOOKUP(Table1[[#This Row],[delivery_days]],Table57[Original],Table57[Clean],,0,1),"Unknown")) -> 5 | W5: late delivery
A6: ORD-1004 | B6: =IF(ISBLANK(Table1[[#This Row],[order_id]]),"",IF(LEFT(Table1[[#This Row],[order_id]],3)="ORD",Table1[[#This Row],[order_id]],"ORD-" & Table1[[#This Row],[order_id]])) -> ORD-1004 | C6: 2024-12-26 | D6: =IFERROR(DATEVALUE(Table1[[#This Row],[order_date]]),"") -> 45652 | E6: customer 4 | F6: =IF(ISBLANK(Table1[[#This Row],[customer_name]]),"Unknown Customer",PROPER(SUBSTITUTE(Table1[[#This Row],[customer_name]],"Cust.","Customer"))) -> Customer 4 | H6: =IFERROR(_xlfn.XLOOKUP(Table1[[#This Row],[region]],Mappings!$C$3:$C$8,Mappings!$D$3:$D$8,,0,1),"Unknown") -> Unknown | I6: Online | J6: =IFERROR(_xlfn.XLOOKUP(Table1[[#This Row],[sales_channel]],Table4[Original],Table4[Clean],,0,1),"Unknown") -> Online | K6: phone | L6: =IFERROR(_xlfn.XLOOKUP(Table1[[#This Row],[product]],Table3[Original],Table3[Product_clean],,0,1),"Unknown") -> Phone | M6: 3 | N6: =IF(ISNUMBER(Table1[[#This Row],[quantity]]),Table1[[#This Row],[quantity]],IFERROR(VLOOKUP(Table1[[#This Row],[quantity]],Table5[#All],2,FALSE),"Unknown")) -> 3 | O6: 255.19 EUR | P6: =IFERROR(VALUE(SUBSTITUTE(SUBSTITUTE(SUBSTITUTE(Table1[[#This Row],[revenue]],"EUR",""),"$",""),".",",")),"") -> 255.19 | Q6: $ | R6: =IF(OR(Table1[[#This Row],[currency]]="EUR",Table1[[#This Row],[currency]]="€"),"EUR",IF(OR(Table1[[#This Row],[currency]]="USD",Table1[[#This Row],[currency]]="$"),"USD","Unknown")) -> USD | T6: =IFERROR(_xlfn.XLOOKUP(Table1[[#This Row],[order_status]],Table8[Original],Table8[Clean],,0,1),"Unknown") -> Unknown | U6: 3 | V6: =IF(ISNUMBER(Table1[[#This Row],[delivery_days]]),Table1[[#This Row],[delivery_days]],IFERROR(_xlfn.XLOOKUP(Table1[[#This Row],[delivery_days]],Table57[Original],Table57[Clean],,0,1),"Unknown")) -> 3 | W6: late delivery
B7: =IF(ISBLANK(Table1[[#This Row],[order_id]]),"",IF(LEFT(Table1[[#This Row],[order_id]],3)="ORD",Table1[[#This Row],[order_id]],"ORD-" & Table1[[#This Row],[order_id]])) | C7: 2024-07-08 | D7: =IFERROR(DATEVALUE(Table1[[#This Row],[order_date]]),"") -> 45481 | E7: customer 5 | F7: =IF(ISBLANK(Table1[[#This Row],[customer_name]]),"Unknown Customer",PROPER(SUBSTITUTE(Table1[[#This Row],[customer_name]],"Cust.","Customer"))) -> Customer 5 | G7: U.S. | H7: =IFERROR(_xlfn.XLOOKUP(Table1[[#This Row],[region]],Mappings!$C$3:$C$8,Mappings!$D$3:$D$8,,0,1),"Unknown") -> USA | J7: =IFERROR(_xlfn.XLOOKUP(Table1[[#This Row],[sales_channel]],Table4[Original],Table4[Clean],,0,1),"Unknown") -> Unknown | K7: Lapotp | L7: =IFERROR(_xlfn.XLOOKUP(Table1[[#This Row],[product]],Table3[Original],Table3[Product_clean],,0,1),"Unknown") -> Laptop | M7: 2 | N7: =IF(ISNUMBER(Table1[[#This Row],[quantity]]),Table1[[#This Row],[quantity]],IFERROR(VLOOKUP(Table1[[#This Row],[quantity]],Table5[#All],2,FALSE),"Unknown")) -> 2 | O7: $1098.05 | P7: =IFERROR(VALUE(SUBSTITUTE(SUBSTITUTE(SUBSTITUTE(Table1[[#This Row],[revenue]],"EUR",""),"$",""),".",",")),"") -> 1098.05 | Q7: $ | R7: =IF(OR(Table1[[#This Row],[currency]]="EUR",Table1[[#This Row],[currency]]="€"),"EUR",IF(OR(Table1[[#This Row],[currency]]="USD",Table1[[#This Row],[currency]]="$"),"USD","Unknown")) -> USD | S7: returned | T7: =IFERROR(_xlfn.XLOOKUP(Table1[[#This Row],[order_status]],Table8[Original],Table8[Clean],,0,1),"Unknown") -> Returned | U7: 3 | V7: =IF(ISNUMBER(Table1[[#This Row],[delivery_days]]),Table1[[#This Row],[delivery_days]],IFERROR(_xlfn.XLOOKUP(Table1[[#This Row],[delivery_days]],Table57[Original],Table57[Clean],,0,1),"Unknown")) -> 3 | W7: late delivery
A8: 1006 | B8: =IF(ISBLANK(Table1[[#This Row],[order_id]]),"",IF(LEFT(Table1[[#This Row],[order_id]],3)="ORD",Table1[[#This Row],[order_id]],"ORD-" & Table1[[#This Row],[order_id]])) -> ORD-1006 | C8: 2024-12-16 | D8: =IFERROR(DATEVALUE(Table1[[#This Row],[order_date]]),"") -> 45642 | E8: Cust. 6 | F8: =IF(ISBLANK(Table1[[#This Row],[customer_name]]),"Unknown Customer",PROPER(SUBSTITUTE(Table1[[#This Row],[customer_name]],"Cust.","Customer"))) -> Customer 6 | G8: europe | H8: =IFERROR(_xlfn.XLOOKUP(Table1[[#This Row],[region]],Mappings!$C$3:$C$8,Mappings!$D$3:$D$8,,0,1),"Unknown") -> Europe | I8: Mobile | J8: =IFERROR(_xlfn.XLOOKUP(Table1[[#This Row],[sales_channel]],Table4[Original],Table4[Clean],,0,1),"Unknown") -> Mobile | K8: Laptop | L8: =IFERROR(_xlfn.XLOOKUP(Table1[[#This Row],[product]],Table3[Original],Table3[Product_clean],,0,1),"Unknown") -> Laptop | M8: 2 | N8: =IF(ISNUMBER(Table1[[#This Row],[quantity]]),Table1[[#This Row],[quantity]],IFERROR(VLOOKUP(Table1[[#This Row],[quantity]],Table5[#All],2,FALSE),"Unknown")) -> 2 | O8: 1006.63 | P8: =IFERROR(VALUE(SUBSTITUTE(SUBSTITUTE(SUBSTITUTE(Table1[[#This Row],[revenue]],"EUR",""),"$",""),".",",")),"") -> 1006.63 | R8: =IF(OR(Table1[[#This Row],[currency]]="EUR",Table1[[#This Row],[currency]]="€"),"EUR",IF(OR(Table1[[#This Row],[currency]]="USD",Table1[[#This Row],[currency]]="$"),"USD","Unknown")) -> Unknown | T8: =IFERROR(_xlfn.XLOOKUP(Table1[[#This Row],[order_status]],Table8[Original],Table8[Clean],,0,1),"Unknown") -> Unknown | U8: 3 | V8: =IF(ISNUMBER(Table1[[#This Row],[delivery_days]]),Table1[[#This Row],[delivery_days]],IFERROR(_xlfn.XLOOKUP(Table1[[#This Row],[delivery_days]],Table57[Original],Table57[Clean],,0,1),"Unknown")) -> 3 | W8: late delivery
A9: 1007 | B9: =IF(ISBLANK(Table1[[#This Row],[order_id]]),"",IF(LEFT(Table1[[#This Row],[order_id]],3)="ORD",Table1[[#This Row],[order_id]],"ORD-" & Table1[[#This Row],[order_id]])) -> ORD-1007 | C9: 12-01-2024 | D9: =IFERROR(DATEVALUE(Table1[[#This Row],[order_date]]),"") -> 45303 | E9: customer 7 | F9: =IF(ISBLANK(Table1[[#This Row],[customer_name]]),"Unknown Customer",PROPER(SUBSTITUTE(Table1[[#This Row],[customer_name]],"Cust.","Customer"))) -> Customer 7 | G9: US | H9: =IFERROR(_xlfn.XLOOKUP(Table1[[#This Row],[region]],Mappings!$C$3:$C$8,Mappings!$D$3:$D$8,,0,1),"Unknown") -> USA | J9: =IFERROR(_xlfn.XLOOKUP(Table1[[#This Row],[sales_channel]],Table4[Original],Table4[Clean],,0,1),"Unknown") -> Unknown | K9: Tablet | L9: =IFERROR(_xlfn.XLOOKUP(Table1[[#This Row],[product]],Table3[Original],Table3[Product_clean],,0,1),"Unknown") -> Tablet | N9: =IF(ISNUMBER(Table1[[#This Row],[quantity]]),Table1[[#This Row],[quantity]],IFERROR(VLOOKUP(Table1[[#This Row],[quantity]],Table5[#All],2,FALSE),"Unknown")) -> Unknown | P9: =IFERROR(VALUE(SUBSTITUTE(SUBSTITUTE(SUBSTITUTE(Table1[[#This Row],[revenue]],"EUR",""),"$",""),".",",")),"") | Q9: € | R9: =IF(OR(Table1[[#This Row],[currency]]="EUR",Table1[[#This Row],[currency]]="€"),"EUR",IF(OR(Table1[[#This Row],[currency]]="USD",Table1[[#This Row],[currency]]="$"),"USD","Unknown")) -> EUR | T9: =IFERROR(_xlfn.XLOOKUP(Table1[[#This Row],[order_status]],Table8[Original],Table8[Clean],,0,1),"Unknown") -> Unknown | U9: five | V9: =IF(ISNUMBER(Table1[[#This Row],[delivery_days]]),Table1[[#This Row],[delivery_days]],IFERROR(_xlfn.XLOOKUP(Table1[[#This Row],[delivery_days]],Table57[Original],Table57[Clean],,0,1),"Unknown")) -> 5
A10: 1008 | B10: =IF(ISBLANK(Table1[[#This Row],[order_id]]),"",IF(LEFT(Table1[[#This Row],[order_id]],3)="ORD",Table1[[#This Row],[order_id]],"ORD-" & Table1[[#This Row],[order_id]])) -> ORD-1008 | D10: =IFERROR(DATEVALUE(Table1[[#This Row],[order_date]]),"") | E10: Customer 8 | F10: =IF(ISBLANK(Table1[[#This Row],[customer_name]]),"Unknown Customer",PROPER(SUBSTITUTE(Table1[[#This Row],[customer_name]],"Cust.","Customer"))) -> Customer 8 | H10: =IFERROR(_xlfn.XLOOKUP(Table1[[#This Row],[region]],Mappings!$C$3:$C$8,Mappings!$D$3:$D$8,,0,1),"Unknown") -> Unknown | I10: Online | J10: =IFERROR(_xlfn.XLOOKUP(Table1[[#This Row],[sales_channel]],Table4[Original],Table4[Clean],,0,1),"Unknown") -> Online | L10: =IFERROR(_xlfn.XLOOKUP(Table1[[#This Row],[product]],Table3[Original],Table3[Product_clean],,0,1),"Unknown") -> Unknown | M10: 1 | N10: =IF(ISNUMBER(Table1[[#This Row],[quantity]]),Table1[[#This Row],[quantity]],IFERROR(VLOOKUP(Table1[[#This Row],[quantity]],Table5[#All],2,FALSE),"Unknown")) -> 1 | O10: 1228.23 EUR | P10: =IFERROR(VALUE(SUBSTITUTE(SUBSTITUTE(SUBSTITUTE(Table1[[#This Row],[revenue]],"EUR",""),"$",""),".",",")),"") -> 1228.23 | Q10: USD | R10: =IF(OR(Table1[[#This Row],[currency]]="EUR",Table1[[#This Row],[currency]]="€"),"EUR",IF(OR(Table1[[#This Row],[currency]]="USD",Table1[[#This Row],[currency]]="$"),"USD","Unknown")) -> USD | T10: =IFERROR(_xlfn.XLOOKUP(Table1[[#This Row],[order_status]],Table8[Original],Table8[Clean],,0,1),"Unknown") -> Unknown | U10: 2 | V10: =IF(ISNUMBER(Table1[[#This Row],[delivery_days]]),Table1[[#This Row],[delivery_days]],IFERROR(_xlfn.XLOOKUP(Table1[[#This Row],[delivery_days]],Table57[Original],Table57[Clean],,0,1),"Unknown")) -> 2
B11: =IF(ISBLANK(Table1[[#This Row],[order_id]]),"",IF(LEFT(Table1[[#This Row],[order_id]],3)="ORD",Table1[[#This Row],[order_id]],"ORD-" & Table1[[#This Row],[order_id]])) | D11: =IFERROR(DATEVALUE(Table1[[#This Row],[order_date]]),"") | E11: Cust. 9 | F11: =IF(ISBLANK(Table1[[#This Row],[customer_name]]),"Unknown Customer",PROPER(SUBSTITUTE(Table1[[#This Row],[customer_name]],"Cust.","Customer"))) -> Customer 9 | G11: U.S. | H11: =IFERROR(_xlfn.XLOOKUP(Table1[[#This Row],[region]],Mappings!$C$3:$C$8,Mappings!$D$3:$D$8,,0,1),"Unknown") -> USA | I11: Online | J11: =IFERROR(_xlfn.XLOOKUP(Table1[[#This Row],[sales_channel]],Table4[Original],Table4[Clean],,0,1),"Unknown") -> Online | K11: TABLET | L11: =IFERROR(_xlfn.XLOOKUP(Table1[[#This Row],[product]],Table3[Original],Table3[Product_clean],,0,1),"Unknown") -> Tablet | M11: 1 | N11: =IF(ISNUMBER(Table1[[#This Row],[quantity]]),Table1[[#This Row],[quantity]],IFERROR(VLOOKUP(Table1[[#This Row],[quantity]],Table5[#All],2,FALSE),"Unknown")) -> 1 | P11: =IFERROR(VALUE(SUBSTITUTE(SUBSTITUTE(SUBSTITUTE(Table1[[#This Row],[revenue]],"EUR",""),"$",""),".",",")),"") | R11: =IF(OR(Table1[[#This Row],[currency]]="EUR",Table1[[#This Row],[currency]]="€"),"EUR",IF(OR(Table1[[#This Row],[currency]]="USD",Table1[[#This Row],[currency]]="$"),"USD","Unknown")) -> Unknown | S11: RETURNED | T11: =IFERROR(_xlfn.XLOOKUP(Table1[[#This Row],[order_status]],Table8[Original],Table8[Clean],,0,1),"Unknown") -> Returned | V11: =IF(ISNUMBER(Table1[[#This Row],[delivery_days]]),Table1[[#This Row],[delivery_days]],IFERROR(_xlfn.XLOOKUP(Table1[[#This Row],[delivery_days]],Table57[Original],Table57[Clean],,0,1),"Unknown")) -> Unknown | W11: VIP
A12: ORD-1010 | B12: =IF(ISBLANK(Table1[[#This Row],[order_id]]),"",IF(LEFT(Table1[[#This Row],[order_id]],3)="ORD",Table1[[#This Row],[order_id]],"ORD-" & Table1[[#This Row],[order_id]])) -> ORD-1010 | C12: 2024-02-27 | D12: =IFERROR(DATEVALUE(Table1[[#This Row],[order_date]]),"") -> 45349 | E12: Cust. 10 | F12: =IF(ISBLANK(Table1[[#This Row],[customer_name]]),"Unknown Customer",PROPER(SUBSTITUTE(Table1[[#This Row],[customer_name]],"Cust.","Customer"))) -> Customer 10 | G12: U.S. | H12: =IFERROR(_xlfn.XLOOKUP(Table1[[#This Row],[region]],Mappings!$C$3:$C$8,Mappings!$D$3:$D$8,,0,1),"Unknown") -> USA | I12: online | J12: =IFERROR(_xlfn.XLOOKUP(Table1[[#This Row],[sales_channel]],Table4[Original],Table4[Clean],,0,1),"Unknown") -> Online | K12: Tablet | L12: =IFERROR(_xlfn.XLOOKUP(Table1[[#This Row],[product]],Table3[Original],Table3[Product_clean],,0,1),"Unknown") -> Tablet | M12: 1 | N12: =IF(ISNUMBER(Table1[[#This Row],[quantity]]),Table1[[#This Row],[quantity]],IFERROR(VLOOKUP(Table1[[#This Row],[quantity]],Table5[#All],2,FALSE),"Unknown")) -> 1 | O12: 915.83 EUR | P12: =IFERROR(VALUE(SUBSTITUTE(SUBSTITUTE(SUBSTITUTE(Table1[[#This Row],[revenue]],"EUR",""),"$",""),".",",")),"") -> 915.83 | Q12: € | R12: =IF(OR(Table1[[#This Row],[currency]]="EUR",Table1[[#This Row],[currency]]="€"),"EUR",IF(OR(Table1[[#This Row],[currency]]="USD",Table1[[#This Row],[currency]]="$"),"USD","Unknown")) -> EUR | T12: =IFERROR(_xlfn.XLOOKUP(Table1[[#This Row],[order_status]],Table8[Original],Table8[Clean],,0,1),"Unknown") -> Unknown | U12: five | V12: =IF(ISNUMBER(Table1[[#This Row],[delivery_days]]),Table1[[#This Row],[delivery_days]],IFERROR(_xlfn.XLOOKUP(Table1[[#This Row],[delivery_days]],Table57[Original],Table57[Clean],,0,1),"Unknown")) -> 5 | W12: late delivery
B13: =IF(ISBLANK(Table1[[#This Row],[order_id]]),"",IF(LEFT(Table1[[#This Row],[order_id]],3)="ORD",Table1[[#This Row],[order_id]],"ORD-" & Table1[[#This Row],[order_id]])) | C13: 2024-03-19 | D13: =IFERROR(DATEVALUE(Table1[[#This Row],[order_date]]),"") -> 45370 | E13: Cust. 11 | F13: =IF(ISBLANK(Table1[[#This Row],[customer_name]]),"Unknown Customer",PROPER(SUBSTITUTE(Table1[[#This Row],[customer_name]],"Cust.","Customer"))) -> Customer 11 | G13: europe | H13: =IFERROR(_xlfn.XLOOKUP(Table1[[#This Row],[region]],Mappings!$C$3:$C$8,Mappings!$D$3:$D$8,,0,1),"Unknown") -> Europe | I13: Online | J13: =IFERROR(_xlfn.XLOOKUP(Table1[[#This Row],[sales_channel]],Table4[Original],Table4[Clean],,0,1),"Unknown") -> Online | K13: Laptop | L13: =IFERROR(_xlfn.XLOOKUP(Table1[[#This Row],[product]],Table3[Original],Table3[Product_clean],,0,1),"Unknown") -> Laptop | M13: 3 | N13: =IF(ISNUMBER(Table1[[#This Row],[quantity]]),Table1[[#This Row],[quantity]],IFERROR(VLOOKUP(Table1[[#This Row],[quantity]],Table5[#All],2,FALSE),"Unknown")) -> 3 | O13: 1153.05 EUR | P13: =IFERROR(VALUE(SUBSTITUTE(SUBSTITUTE(SUBSTITUTE(Table1[[#This Row],[revenue]],"EUR",""),"$",""),".",",")),"") -> 1153.05 | Q13: € | R13: =IF(OR(Table1[[#This Row],[currency]]="EUR",Table1[[#This Row],[currency]]="€"),"EUR",IF(OR(Table1[[#This Row],[currency]]="USD",Table1[[#This Row],[currency]]="$"),"USD","Unknown")) -> EUR | S13: Delivered | T13: =IFERROR(_xlfn.XLOOKUP(Table1[[#This Row],[order_status]],Table8[Original],Table8[Clean],,0,1),"Unknown") -> Delivered | U13: 1 | V13: =IF(ISNUMBER(Table1[[#This Row],[delivery_days]]),Table1[[#This Row],[delivery_days]],IFERROR(_xlfn.XLOOKUP(Table1[[#This Row],[delivery_days]],Table57[Original],Table57[Clean],,0,1),"Unknown")) -> 1 | W13: late delivery
B14: =IF(ISBLANK(Table1[[#This Row],[order_id]]),"",IF(LEFT(Table1[[#This Row],[order_id]],3)="ORD",Table1[[#This Row],[order_id]],"ORD-" & Table1[[#This Row],[order_id]])) | D14: =IFERROR(DATEVALUE(Table1[[#This Row],[order_date]]),"") | E14: Customer 12 | F14: =IF(ISBLANK(Table1[[#This Row],[customer_name]]),"Unknown Customer",PROPER(SUBSTITUTE(Table1[[#This Row],[customer_name]],"Cust.","Customer"))) -> Customer 12 | H14: =IFERROR(_xlfn.XLOOKUP(Table1[[#This Row],[region]],Mappings!$C$3:$C$8,Mappings!$D$3:$D$8,,0,1),"Unknown") -> Unknown | I14: Web | J14: =IFERROR(_xlfn.XLOOKUP(Table1[[#This Row],[sales_channel]],Table4[Original],Table4[Clean],,0,1),"Unknown") -> Online | L14: =IFERROR(_xlfn.XLOOKUP(Table1[[#This Row],[product]],Table3[Original],Table3[Product_clean],,0,1),"Unknown") -> Unknown | M14: 2 | N14: =IF(ISNUMBER(Table1[[#This Row],[quantity]]),Table1[[#This Row],[quantity]],IFERROR(VLOOKUP(Table1[[#This Row],[quantity]],Table5[#All],2,FALSE),"Unknown")) -> 2 | O14: 2843.5 | P14: =IFERROR(VALUE(SUBSTITUTE(SUBSTITUTE(SUBSTITUTE(Table1[[#This Row],[revenue]],"EUR",""),"$",""),".",",")),"") -> 2843.5 | Q14: USD | R14: =IF(OR(Table1[[#This Row],[currency]]="EUR",Table1[[#This Row],[currency]]="€"),"EUR",IF(OR(Table1[[#This Row],[currency]]="USD",Table1[[#This Row],[currency]]="$"),"USD","Unknown")) -> USD | T14: =IFERROR(_xlfn.XLOOKUP(Table1[[#This Row],[order_status]],Table8[Original],Table8[Clean],,0,1),"Unknown") -> Unknown | U14: 5 | V14: =IF(ISNUMBER(Table1[[#This Row],[delivery_days]]),Table1[[#This Row],[delivery_days]],IFERROR(_xlfn.XLOOKUP(Table1[[#This Row],[delivery_days]],Table57[Original],Table57[Clean],,0,1),"Unknown")) -> 5 | W14: late delivery
A15: 1013 | B15: =IF(ISBLANK(Table1[[#This Row],[order_id]]),"",IF(LEFT(Table1[[#This Row],[order_id]],3)="ORD",Table1[[#This Row],[order_id]],"ORD-" & Table1[[#This Row],[order_id]])) -> ORD-1013 | C15: 15/05/2024 | D15: =IFERROR(DATEVALUE(Table1[[#This Row],[order_date]]),"") -> 45427 | E15: Cust. 13 | F15: =IF(ISBLANK(Table1[[#This Row],[customer_name]]),"Unknown Customer",PROPER(SUBSTITUTE(Table1[[#This Row],[customer_name]],"Cust.","Customer"))) -> Customer 13 | G15: europe | H15: =IFERROR(_xlfn.XLOOKUP(Table1[[#This Row],[region]],Mappings!$C$3:$C$8,Mappings!$D$3:$D$8,,0,1),"Unknown") -> Europe | J15: =IFERROR(_xlfn.XLOOKUP(Table1[[#This Row],[sales_channel]],Table4[Original],Table4[Clean],,0,1),"Unknown") -> Unknown | K15: TABLET | L15: =IFERROR(_xlfn.XLOOKUP(Table1[[#This Row],[product]],Table3[Original],Table3[Product_clean],,0,1),"Unknown") -> Tablet | M15: 3 | N15: =IF(ISNUMBER(Table1[[#This Row],[quantity]]),Table1[[#This Row],[quantity]],IFERROR(VLOOKUP(Table1[[#This Row],[quantity]],Table5[#All],2,FALSE),"Unknown")) -> 3 | P15: =IFERROR(VALUE(SUBSTITUTE(SUBSTITUTE(SUBSTITUTE(Table1[[#This Row],[revenue]],"EUR",""),"$",""),".",",")),"") | Q15: $ | R15: =IF(OR(Table1[[#This Row],[currency]]="EUR",Table1[[#This Row],[currency]]="€"),"EUR",IF(OR(Table1[[#This Row],[currency]]="USD",Table1[[#This Row],[currency]]="$"),"USD","Unknown")) -> USD | S15: pending | T15: =IFERROR(_xlfn.XLOOKUP(Table1[[#This Row],[order_status]],Table8[Original],Table8[Clean],,0,1),"Unknown") -> Pending | U15: 5 | V15: =IF(ISNUMBER(Table1[[#This Row],[delivery_days]]),Table1[[#This Row],[delivery_days]],IFERROR(_xlfn.XLOOKUP(Table1[[#This Row],[delivery_days]],Table57[Original],Table57[Clean],,0,1),"Unknown")) -> 5
A16: 1014 | B16: =IF(ISBLANK(Table1[[#This Row],[order_id]]),"",IF(LEFT(Table1[[#This Row],[order_id]],3)="ORD",Table1[[#This Row],[order_id]],"ORD-" & Table1[[#This Row],[order_id]])) -> ORD-1014 | C16: 06/05/2024 | D16: =IFERROR(DATEVALUE(Table1[[#This Row],[order_date]]),"") -> 45418 | E16: customer 14 | F16: =IF(ISBLANK(Table1[[#This Row],[customer_name]]),"Unknown Customer",PROPER(SUBSTITUTE(Table1[[#This Row],[customer_name]],"Cust.","Customer"))) -> Customer 14 | G16: EU | H16: =IFERROR(_xlfn.XLOOKUP(Table1[[#This Row],[region]],Mappings!$C$3:$C$8,Mappings!$D$3:$D$8,,0,1),"Unknown") -> Europe | I16: Online | J16: =IFERROR(_xlfn.XLOOKUP(Table1[[#This Row],[sales_channel]],Table4[Original],Table4[Clean],,0,1),"Unknown") -> Online | K16: TABLET | L16: =IFERROR(_xlfn.XLOOKUP(Table1[[#This Row],[product]],Table3[Original],Table3[Product_clean],,0,1),"Unknown") -> Tablet | M16: 1 | N16: =IF(ISNUMBER(Table1[[#This Row],[quantity]]),Table1[[#This Row],[quantity]],IFERROR(VLOOKUP(Table1[[#This Row],[quantity]],Table5[#All],2,FALSE),"Unknown")) -> 1 | O16: $712.86 | P16: =IFERROR(VALUE(SUBSTITUTE(SUBSTITUTE(SUBSTITUTE(Table1[[#This Row],[revenue]],"EUR",""),"$",""),".",",")),"") -> 712.86 | Q16: USD | R16: =IF(OR(Table1[[#This Row],[currency]]="EUR",Table1[[#This Row],[currency]]="€"),"EUR",IF(OR(Table1[[#This Row],[currency]]="USD",Table1[[#This Row],[currency]]="$"),"USD","Unknown")) -> USD | S16: delivered | T16: =IFERROR(_xlfn.XLOOKUP(Table1[[#This Row],[order_status]],Table8[Original],Table8[Clean],,0,1),"Unknown") -> Delivered | U16: 1 | V16: =IF(ISNUMBER(Table1[[#This Row],[delivery_days]]),Table1[[#This Row],[delivery_days]],IFERROR(_xlfn.XLOOKUP(Table1[[#This Row],[delivery_days]],Table57[Original],Table57[Clean],,0,1),"Unknown")) -> 1 | W16: VIP
B17: =IF(ISBLANK(Table1[[#This Row],[order_id]]),"",IF(LEFT(Table1[[#This Row],[order_id]],3)="ORD",Table1[[#This Row],[order_id]],"ORD-" & Table1[[#This Row],[order_id]])) | D17: =IFERROR(DATEVALUE(Table1[[#This Row],[order_date]]),"") | E17: customer 15 | F17: =IF(ISBLANK(Table1[[#This Row],[customer_name]]),"Unknown Customer",PROPER(SUBSTITUTE(Table1[[#This Row],[customer_name]],"Cust.","Customer"))) -> Customer 15 | G17: U.S. | H17: =IFERROR(_xlfn.XLOOKUP(Table1[[#This Row],[region]],Mappings!$C$3:$C$8,Mappings!$D$3:$D$8,,0,1),"Unknown") -> USA | I17: online | J17: =IFERROR(_xlfn.XLOOKUP(Table1[[#This Row],[sales_channel]],Table4[Original],Table4[Clean],,0,1),"Unknown") -> Online | K17: TABLET | L17: =IFERROR(_xlfn.XLOOKUP(Table1[[#This Row],[product]],Table3[Original],Table3[Product_clean],,0,1),"Unknown") -> Tablet | N17: =IF(ISNUMBER(Table1[[#This Row],[quantity]]),Table1[[#This Row],[quantity]],IFERROR(VLOOKUP(Table1[[#This Row],[quantity]],Table5[#All],2,FALSE),"Unknown")) -> Unknown | O17: $1566.76 | P17: =IFERROR(VALUE(SUBSTITUTE(SUBSTITUTE(SUBSTITUTE(Table1[[#This Row],[revenue]],"EUR",""),"$",""),".",",")),"") -> 1566.76 | R17: =IF(OR(Table1[[#This Row],[currency]]="EUR",Table1[[#This Row],[currency]]="€"),"EUR",IF(OR(Table1[[#This Row],[currency]]="USD",Table1[[#This Row],[currency]]="$"),"USD","Unknown")) -> Unknown | S17: returned | T17: =IFERROR(_xlfn.XLOOKUP(Table1[[#This Row],[order_status]],Table8[Original],Table8[Clean],,0,1),"Unknown") -> Returned | U17: 2 | V17: =IF(ISNUMBER(Table1[[#This Row],[delivery_days]]),Table1[[#This Row],[delivery_days]],IFERROR(_xlfn.XLOOKUP(Table1[[#This Row],[delivery_days]],Table57[Original],Table57[Clean],,0,1),"Unknown")) -> 2
A18: 1016 | B18: =IF(ISBLANK(Table1[[#This Row],[order_id]]),"",IF(LEFT(Table1[[#This Row],[order_id]],3)="ORD",Table1[[#This Row],[order_id]],"ORD-" & Table1[[#This Row],[order_id]])) -> ORD-1016 | D18: =IFERROR(DATEVALUE(Table1[[#This Row],[order_date]]),"") | E18: Cust. 16 | F18: =IF(ISBLANK(Table1[[#This Row],[customer_name]]),"Unknown Customer",PROPER(SUBSTITUTE(Table1[[#This Row],[customer_name]],"Cust.","Customer"))) -> Customer 16 | G18: europe | H18: =IFERROR(_xlfn.XLOOKUP(Table1[[#This Row],[region]],Mappings!$C$3:$C$8,Mappings!$D$3:$D$8,,0,1),"Unknown") -> Europe | I18: MOBILE | J18: =IFERROR(_xlfn.XLOOKUP(Table1[[#This Row],[sales_channel]],Table4[Original],Table4[Clean],,0,1),"Unknown") -> Mobile | K18: phone | L18: =IFERROR(_xlfn.XLOOKUP(Table1[[#This Row],[product]],Table3[Original],Table3[Product_clean],,0,1),"Unknown") -> Phone | M18: 1 | N18: =IF(ISNUMBER(Table1[[#This Row],[quantity]]),Table1[[#This Row],[quantity]],IFERROR(VLOOKUP(Table1[[#This Row],[quantity]],Table5[#All],2,FALSE),"Unknown")) -> 1 | O18: 1250.83 | P18: =IFERROR(VALUE(SUBSTITUTE(SUBSTITUTE(SUBSTITUTE(Table1[[#This Row],[revenue]],"EUR",""),"$",""),".",",")),"") -> 1250.83 | Q18: EUR | R18: =IF(OR(Table1[[#This Row],[currency]]="EUR",Table1[[#This Row],[currency]]="€"),"EUR",IF(OR(Table1[[#This Row],[currency]]="USD",Table1[[#This Row],[currency]]="$"),"USD","Unknown")) -> EUR | S18: delivered | T18: =IFERROR(_xlfn.XLOOKUP(Table1[[#This Row],[order_status]],Table8[Original],Table8[Clean],,0,1),"Unknown") -> Delivered | U18: 5 | V18: =IF(ISNUMBER(Table1[[#This Row],[delivery_days]]),Table1[[#This Row],[delivery_days]],IFERROR(_xlfn.XLOOKUP(Table1[[#This Row],[delivery_days]],Table57[Original],Table57[Clean],,0,1),"Unknown")) -> 5 | W18: VIP
A19: 1017 | B19: =IF(ISBLANK(Table1[[#This Row],[order_id]]),"",IF(LEFT(Table1[[#This Row],[order_id]],3)="ORD",Table1[[#This Row],[order_id]],"ORD-" & Table1[[#This Row],[order_id]])) -> ORD-1017 | C19: 13/02/2025 | D19: =IFERROR(DATEVALUE(Table1[[#This Row],[order_date]]),"") -> 45701 | F19: =IF(ISBLANK(Table1[[#This Row],[customer_name]]),"Unknown Customer",PROPER(SUBSTITUTE(Table1[[#This Row],[customer_name]],"Cust.","Customer"))) -> Unknown Customer | G19: US | H19: =IFERROR(_xlfn.XLOOKUP(Table1[[#This Row],[region]],Mappings!$C$3:$C$8,Mappings!$D$3:$D$8,,0,1),"Unknown") -> USA | I19: MOBILE | J19: =IFERROR(_xlfn.XLOOKUP(Table1[[#This Row],[sales_channel]],Table4[Original],Table4[Clean],,0,1),"Unknown") -> Mobile | K19: Lapotp | L19: =IFERROR(_xlfn.XLOOKUP(Table1[[#This Row],[product]],Table3[Original],Table3[Product_clean],,0,1),"Unknown") -> Laptop | M19: 3 | N19: =IF(ISNUMBER(Table1[[#This Row],[quantity]]),Table1[[#This Row],[quantity]],IFERROR(VLOOKUP(Table1[[#This Row],[quantity]],Table5[#All],2,FALSE),"Unknown")) -> 3 | O19: 2591.93 EUR | P19: =IFERROR(VALUE(SUBSTITUTE(SUBSTITUTE(SUBSTITUTE(Table1[[#This Row],[revenue]],"EUR",""),"$",""),".",",")),"") -> 2591.93 | Q19: $ | R19: =IF(OR(Table1[[#This Row],[currency]]="EUR",Table1[[#This Row],[currency]]="€"),"EUR",IF(OR(Table1[[#This Row],[currency]]="USD",Table1[[#This Row],[currency]]="$"),"USD","Unknown")) -> USD | S19: Delivered | T19: =IFERROR(_xlfn.XLOOKUP(Table1[[#This Row],[order_status]],Table8[Original],Table8[Clean],,0,1),"Unknown") -> Delivered | U19: 1 | V19: =IF(ISNUMBER(Table1[[#This Row],[delivery_days]]),Table1[[#This Row],[delivery_days]],IFERROR(_xlfn.XLOOKUP(Table1[[#This Row],[delivery_days]],Table57[Original],Table57[Clean],,0,1),"Unknown")) -> 1
A20: 1018 | B20: =IF(ISBLANK(Table1[[#This Row],[order_id]]),"",IF(LEFT(Table1[[#This Row],[order_id]],3)="ORD",Table1[[#This Row],[order_id]],"ORD-" & Table1[[#This Row],[order_id]])) -> ORD-1018 | C20: 2025-02-17 | D20: =IFERROR(DATEVALUE(Table1[[#This Row],[order_date]]),"") -> 45705 | E20: Customer 18 | F20: =IF(ISBLANK(Table1[[#This Row],[customer_name]]),"Unknown Customer",PROPER(SUBSTITUTE(Table1[[#This Row],[customer_name]],"Cust.","Customer"))) -> Customer 18 | H20: =IFERROR(_xlfn.XLOOKUP(Table1[[#This Row],[region]],Mappings!$C$3:$C$8,Mappings!$D$3:$D$8,,0,1),"Unknown") -> Unknown | I20: online | J20: =IFERROR(_xlfn.XLOOKUP(Table1[[#This Row],[sales_channel]],Table4[Original],Table4[Clean],,0,1),"Unknown") -> Online | K20: Lapotp | L20: =IFERROR(_xlfn.XLOOKUP(Table1[[#This Row],[product]],Table3[Original],Table3[Product_clean],,0,1),"Unknown") -> Laptop | M20: two | N20: =IF(ISNUMBER(Table1[[#This Row],[quantity]]),Table1[[#This Row],[quantity]],IFERROR(VLOOKUP(Table1[[#This Row],[quantity]],Table5[#All],2,FALSE),"Unknown")) -> 2 | O20: 2590.98 | P20: =IFERROR(VALUE(SUBSTITUTE(SUBSTITUTE(SUBSTITUTE(Table1[[#This Row],[revenue]],"EUR",""),"$",""),".",",")),"") -> 2590.98 | Q20: $ | R20: =IF(OR(Table1[[#This Row],[currency]]="EUR",Table1[[#This Row],[currency]]="€"),"EUR",IF(OR(Table1[[#This Row],[currency]]="USD",Table1[[#This Row],[currency]]="$"),"USD","Unknown")) -> USD | S20: returned | T20: =IFERROR(_xlfn.XLOOKUP(Table1[[#This Row],[order_status]],Table8[Original],Table8[Clean],,0,1),"Unknown") -> Returned | U20: 2 | V20: =IF(ISNUMBER(Table1[[#This Row],[delivery_days]]),Table1[[#This Row],[delivery_days]],IFERROR(_xlfn.XLOOKUP(Table1[[#This Row],[delivery_days]],Table57[Original],Table57[Clean],,0,1),"Unknown")) -> 2
A21: ORD-1019 | B21: =IF(ISBLANK(Table1[[#This Row],[order_id]]),"",IF(LEFT(Table1[[#This Row],[order_id]],3)="ORD",Table1[[#This Row],[order_id]],"ORD-" & Table1[[#This Row],[order_id]])) -> ORD-1019 | C21: 01-31-2024 | D21: =IFERROR(DATEVALUE(Table1[[#This Row],[order_date]]),"") | F21: =IF(ISBLANK(Table1[[#This Row],[customer_name]]),"Unknown Customer",PROPER(SUBSTITUTE(Table1[[#This Row],[customer_name]],"Cust.","Customer"))) -> Unknown Customer | G21: Asia | H21: =IFERROR(_xlfn.XLOOKUP(Table1[[#This Row],[region]],Mappings!$C$3:$C$8,Mappings!$D$3:$D$8,,0,1),"Unknown") -> Asia | I21: MOBILE | J21: =IFERROR(_xlfn.XLOOKUP(Table1[[#This Row],[sales_channel]],Table4[Original],Table4[Clean],,0,1),"Unknown") -> Mobile | K21: TABLET | L21: =IFERROR(_xlfn.XLOOKUP(Table1[[#This Row],[product]],Table3[Original],Table3[Product_clean],,0,1),"Unknown") -> Tablet | N21: =IF(ISNUMBER(Table1[[#This Row],[quantity]]),Table1[[#This Row],[quantity]],IFERROR(VLOOKUP(Table1[[#This Row],[quantity]],Table5[#All],2,FALSE),"Unknown")) -> Unknown | O21: 535.68 | P21: =IFERROR(VALUE(SUBSTITUTE(SUBSTITUTE(SUBSTITUTE(Table1[[#This Row],[revenue]],"EUR",""),"$",""),".",",")),"") -> 535.68 | Q21: $ | R21: =IF(OR(Table1[[#This Row],[currency]]="EUR",Table1[[#This Row],[currency]]="€"),"EUR",IF(OR(Table1[[#This Row],[currency]]="USD",Table1[[#This Row],[currency]]="$"),"USD","Unknown")) -> USD | S21: Delivered | T21: =IFERROR(_xlfn.XLOOKUP(Table1[[#This Row],[order_status]],Table8[Original],Table8[Clean],,0,1),"Unknown") -> Delivered | U21: 2 | V21: =IF(ISNUMBER(Table1[[#This Row],[delivery_days]]),Table1[[#This Row],[delivery_days]],IFERROR(_xlfn.XLOOKUP(Table1[[#This Row],[delivery_days]],Table57[Original],Table57[Clean],,0,1),"Unknown")) -> 2 | W21: VIP
B22: =IF(ISBLANK(Table1[[#This Row],[order_id]]),"",IF(LEFT(Table1[[#This Row],[order_id]],3)="ORD",Table1[[#This Row],[order_id]],"ORD-" & Table1[[#This Row],[order_id]])) | C22: 04-21-2024 | D22: =IFERROR(DATEVALUE(Table1[[#This Row],[order_date]]),"") | E22: Customer 20 | F22: =IF(ISBLANK(Table1[[#This Row],[customer_name]]),"Unknown Customer",PROPER(SUBSTITUTE(Table1[[#This Row],[customer_name]],"Cust.","Customer"))) -> Customer 20 | G22: EU | H22: =IFERROR(_xlfn.XLOOKUP(Table1[[#This Row],[region]],Mappings!$C$3:$C$8,Mappings!$D$3:$D$8,,0,1),"Unknown") -> Europe | I22: Web | J22: =IFERROR(_xlfn.XLOOKUP(Table1[[#This Row],[sales_channel]],Table4[Original],Table4[Clean],,0,1),"Unknown") -> Online | K22: phone | L22: =IFERROR(_xlfn.XLOOKUP(Table1[[#This Row],[product]],Table3[Original],Table3[Product_clean],,0,1),"Unknown") -> Phone | N22: =IF(ISNUMBER(Table1[[#This Row],[quantity]]),Table1[[#This Row],[quantity]],IFERROR(VLOOKUP(Table1[[#This Row],[quantity]],Table5[#All],2,FALSE),"Unknown")) -> Unknown | O22: 2907.69 | P22: =IFERROR(VALUE(SUBSTITUTE(SUBSTITUTE(SUBSTITUTE(Table1[[#This Row],[revenue]],"EUR",""),"$",""),".",",")),"") -> 2907.69 | R22: =IF(OR(Table1[[#This Row],[currency]]="EUR",Table1[[#This Row],[currency]]="€"),"EUR",IF(OR(Table1[[#This Row],[currency]]="USD",Table1[[#This Row],[currency]]="$"),"USD","Unknown")) -> Unknown | S22: Delivered | T22: =IFERROR(_xlfn.XLOOKUP(Table1[[#This Row],[order_status]],Table8[Original],Table8[Clean],,0,1),"Unknown") -> Delivered | U22: 1 | V22: =IF(ISNUMBER(Table1[[#This Row],[delivery_days]]),Table1[[#This Row],[delivery_days]],IFERROR(_xlfn.XLOOKUP(Table1[[#This Row],[delivery_days]],Table57[Original],Table57[Clean],,0,1),"Unknown")) -> 1
B23: =IF(ISBLANK(Table1[[#This Row],[order_id]]),"",IF(LEFT(Table1[[#This Row],[order_id]],3)="ORD",Table1[[#This Row],[order_id]],"ORD-" & Table1[[#This Row],[order_id]])) | C23: 05/04/2024 | D23: =IFERROR(DATEVALUE(Table1[[#This Row],[order_date]]),"") -> 45387 | F23: =IF(ISBLANK(Table1[[#This Row],[customer_name]]),"Unknown Customer",PROPER(SUBSTITUTE(Table1[[#This Row],[customer_name]],"Cust.","Customer"))) -> Unknown Customer | G23: EU | H23: =IFERROR(_xlfn.XLOOKUP(Table1[[#This Row],[region]],Mappings!$C$3:$C$8,Mappings!$D$3:$D$8,,0,1),"Unknown") -> Europe | I23: Web | J23: =IFERROR(_xlfn.XLOOKUP(Table1[[#This Row],[sales_channel]],Table4[Original],Table4[Clean],,0,1),"Unknown") -> Online | K23: Lapotp | L23: =IFERROR(_xlfn.XLOOKUP(Table1[[#This Row],[product]],Table3[Original],Table3[Product_clean],,0,1),"Unknown") -> Laptop | N23: =IF(ISNUMBER(Table1[[#This Row],[quantity]]),Table1[[#This Row],[quantity]],IFERROR(VLOOKUP(Table1[[#This Row],[quantity]],Table5[#All],2,FALSE),"Unknown")) -> Unknown | O23: 252.14 | P23: =IFERROR(VALUE(SUBSTITUTE(SUBSTITUTE(SUBSTITUTE(Table1[[#This Row],[revenue]],"EUR",""),"$",""),".",",")),"") -> 252.14 | R23: =IF(OR(Table1[[#This Row],[currency]]="EUR",Table1[[#This Row],[currency]]="€"),"EUR",IF(OR(Table1[[#This Row],[currency]]="USD",Table1[[#This Row],[currency]]="$"),"USD","Unknown")) -> Unknown | S23: delivered | T23: =IFERROR(_xlfn.XLOOKUP(Table1[[#This Row],[order_status]],Table8[Original],Table8[Clean],,0,1),"Unknown") -> Delivered | U23: five | V23: =IF(ISNUMBER(Table1[[#This Row],[delivery_days]]),Table1[[#This Row],[delivery_days]],IFERROR(_xlfn.XLOOKUP(Table1[[#This Row],[delivery_days]],Table57[Original],Table57[Clean],,0,1),"Unknown")) -> 5
A24: ORD-1022 | B24: =IF(ISBLANK(Table1[[#This Row],[order_id]]),"",IF(LEFT(Table1[[#This Row],[order_id]],3)="ORD",Table1[[#This Row],[order_id]],"ORD-" & Table1[[#This Row],[order_id]])) -> ORD-1022 | C24: 02/08/2024 | D24: =IFERROR(DATEVALUE(Table1[[#This Row],[order_date]]),"") -> 45506 | E24: Cust. 22 | F24: =IF(ISBLANK(Table1[[#This Row],[customer_name]]),"Unknown Customer",PROPER(SUBSTITUTE(Table1[[#This Row],[customer_name]],"Cust.","Customer"))) -> Customer 22 | G24: US | H24: =IFERROR(_xlfn.XLOOKUP(Table1[[#This Row],[region]],Mappings!$C$3:$C$8,Mappings!$D$3:$D$8,,0,1),"Unknown") -> USA | I24: Mobile | J24: =IFERROR(_xlfn.XLOOKUP(Table1[[#This Row],[sales_channel]],Table4[Original],Table4[Clean],,0,1),"Unknown") -> Mobile | K24: phone | L24: =IFERROR(_xlfn.XLOOKUP(Table1[[#This Row],[product]],Table3[Original],Table3[Product_clean],,0,1),"Unknown") -> Phone | M24: 2 | N24: =IF(ISNUMBER(Table1[[#This Row],[quantity]]),Table1[[#This Row],[quantity]],IFERROR(VLOOKUP(Table1[[#This Row],[quantity]],Table5[#All],2,FALSE),"Unknown")) -> 2 | O24: $1989.25 | P24: =IFERROR(VALUE(SUBSTITUTE(SUBSTITUTE(SUBSTITUTE(Table1[[#This Row],[revenue]],"EUR",""),"$",""),".",",")),"") -> 1989.25 | Q24: € | R24: =IF(OR(Table1[[#This Row],[currency]]="EUR",Table1[[#This Row],[currency]]="€"),"EUR",IF(OR(Table1[[#This Row],[currency]]="USD",Table1[[#This Row],[currency]]="$"),"USD","Unknown")) -> EUR | S24: returned | T24: =IFERROR(_xlfn.XLOOKUP(Table1[[#This Row],[order_status]],Table8[Original],Table8[Clean],,0,1),"Unknown") -> Returned | U24: 3 | V24: =IF(ISNUMBER(Table1[[#This Row],[delivery_days]]),Table1[[#This Row],[delivery_days]],IFERROR(_xlfn.XLOOKUP(Table1[[#This Row],[delivery_days]],Table57[Original],Table57[Clean],,0,1),"Unknown")) -> 3
A25: 1023 | B25: =IF(ISBLANK(Table1[[#This Row],[order_id]]),"",IF(LEFT(Table1[[#This Row],[order_id]],3)="ORD",Table1[[#This Row],[order_id]],"ORD-" & Table1[[#This Row],[order_id]])) -> ORD-1023 | C25: 05/01/2024 | D25: =IFERROR(DATEVALUE(Table1[[#This Row],[order_date]]),"") -> 45296 | E25: Cust. 23 | F25: =IF(ISBLANK(Table1[[#This Row],[customer_name]]),"Unknown Customer",PROPER(SUBSTITUTE(Table1[[#This Row],[customer_name]],"Cust.","Customer"))) -> Customer 23 | G25: US | H25: =IFERROR(_xlfn.XLOOKUP(Table1[[#This Row],[region]],Mappings!$C$3:$C$8,Mappings!$D$3:$D$8,,0,1),"Unknown") -> USA | I25: Mobile | J25: =IFERROR(_xlfn.XLOOKUP(Table1[[#This Row],[sales_channel]],Table4[Original],Table4[Clean],,0,1),"Unknown") -> Mobile | K25: Laptop | L25: =IFERROR(_xlfn.XLOOKUP(Table1[[#This Row],[product]],Table3[Original],Table3[Product_clean],,0,1),"Unknown") -> Laptop | M25: 2 | N25: =IF(ISNUMBER(Table1[[#This Row],[quantity]]),Table1[[#This Row],[quantity]],IFERROR(VLOOKUP(Table1[[#This Row],[quantity]],Table5[#All],2,FALSE),"Unknown")) -> 2 | O25: 1401.94 | P25: =IFERROR(VALUE(SUBSTITUTE(SUBSTITUTE(SUBSTITUTE(Table1[[#This Row],[revenue]],"EUR",""),"$",""),".",",")),"") -> 1401.94 | Q25: € | R25: =IF(OR(Table1[[#This Row],[currency]]="EUR",Table1[[#This Row],[currency]]="€"),"EUR",IF(OR(Table1[[#This Row],[currency]]="USD",Table1[[#This Row],[currency]]="$"),"USD","Unknown")) -> EUR | S25: RETURNED | T25: =IFERROR(_xlfn.XLOOKUP(Table1[[#This Row],[order_status]],Table8[Original],Table8[Clean],,0,1),"Unknown") -> Returned | U25: 2 | V25: =IF(ISNUMBER(Table1[[#This Row],[delivery_days]]),Table1[[#This Row],[delivery_days]],IFERROR(_xlfn.XLOOKUP(Table1[[#This Row],[delivery_days]],Table57[Original],Table57[Clean],,0,1),"Unknown")) -> 2
B26: =IF(ISBLANK(Table1[[#This Row],[order_id]]),"",IF(LEFT(Table1[[#This Row],[order_id]],3)="ORD",Table1[[#This Row],[order_id]],"ORD-" & Table1[[#This Row],[order_id]])) | C26: 10-05-2024 | D26: =IFERROR(DATEVALUE(Table1[[#This Row],[order_date]]),"") -> 45422 | E26: Customer 24 | F26: =IF(ISBLANK(Table1[[#This Row],[customer_name]]),"Unknown Customer",PROPER(SUBSTITUTE(Table1[[#This Row],[customer_name]],"Cust.","Customer"))) -> Customer 24 | G26: US | H26: =IFERROR(_xlfn.XLOOKUP(Table1[[#This Row],[region]],Mappings!$C$3:$C$8,Mappings!$D$3:$D$8,,0,1),"Unknown") -> USA | I26: Mobile | J26: =IFERROR(_xlfn.XLOOKUP(Table1[[#This Row],[sales_channel]],Table4[Original],Table4[Clean],,0,1),"Unknown") -> Mobile | K26: Laptop | L26: =IFERROR(_xlfn.XLOOKUP(Table1[[#This Row],[product]],Table3[Original],Table3[Product_clean],,0,1),"Unknown") -> Laptop | M26: 1 | N26: =IF(ISNUMBER(Table1[[#This Row],[quantity]]),Table1[[#This Row],[quantity]],IFERROR(VLOOKUP(Table1[[#This Row],[quantity]],Table5[#All],2,FALSE),"Unknown")) -> 1 | O26: 2125.44 | P26: =IFERROR(VALUE(SUBSTITUTE(SUBSTITUTE(SUBSTITUTE(Table1[[#This Row],[revenue]],"EUR",""),"$",""),".",",")),"") -> 2125.44 | R26: =IF(OR(Table1[[#This Row],[currency]]="EUR",Table1[[#This Row],[currency]]="€"),"EUR",IF(OR(Table1[[#This Row],[currency]]="USD",Table1[[#This Row],[currency]]="$"),"USD","Unknown")) -> Unknown | S26: Delivered | T26: =IFERROR(_xlfn.XLOOKUP(Table1[[#This Row],[order_status]],Table8[Original],Table8[Clean],,0,1),"Unknown") -> Delivered | U26: 3 | V26: =IF(ISNUMBER(Table1[[#This Row],[delivery_days]]),Table1[[#This Row],[delivery_days]],IFERROR(_xlfn.XLOOKUP(Table1[[#This Row],[delivery_days]],Table57[Original],Table57[Clean],,0,1),"Unknown")) -> 3 | W26: VIP
A27: 1025 | B27: =IF(ISBLANK(Table1[[#This Row],[order_id]]),"",IF(LEFT(Table1[[#This Row],[order_id]],3)="ORD",Table1[[#This Row],[order_id]],"ORD-" & Table1[[#This Row],[order_id]])) -> ORD-1025 | C27: 11-05-2024 | D27: =IFERROR(DATEVALUE(Table1[[#This Row],[order_date]]),"") -> 45423 | F27: =IF(ISBLANK(Table1[[#This Row],[customer_name]]),"Unknown Customer",PROPER(SUBSTITUTE(Table1[[#This Row],[customer_name]],"Cust.","Customer"))) -> Unknown Customer | G27: Asia | H27: =IFERROR(_xlfn.XLOOKUP(Table1[[#This Row],[region]],Mappings!$C$3:$C$8,Mappings!$D$3:$D$8,,0,1),"Unknown") -> Asia | I27: Online | J27: =IFERROR(_xlfn.XLOOKUP(Table1[[#This Row],[sales_channel]],Table4[Original],Table4[Clean],,0,1),"Unknown") -> Online | K27: Laptop | L27: =IFERROR(_xlfn.XLOOKUP(Table1[[#This Row],[product]],Table3[Original],Table3[Product_clean],,0,1),"Unknown") -> Laptop | M27: two | N27: =IF(ISNUMBER(Table1[[#This Row],[quantity]]),Table1[[#This Row],[quantity]],IFERROR(VLOOKUP(Table1[[#This Row],[quantity]],Table5[#All],2,FALSE),"Unknown")) -> 2 | O27: $671.36 | P27: =IFERROR(VALUE(SUBSTITUTE(SUBSTITUTE(SUBSTITUTE(Table1[[#This Row],[revenue]],"EUR",""),"$",""),".",",")),"") -> 671.36 | Q27: € | R27: =IF(OR(Table1[[#This Row],[currency]]="EUR",Table1[[#This Row],[currency]]="€"),"EUR",IF(OR(Table1[[#This Row],[currency]]="USD",Table1[[#This Row],[currency]]="$"),"USD","Unknown")) -> EUR | S27: delivered | T27: =IFERROR(_xlfn.XLOOKUP(Table1[[#This Row],[order_status]],Table8[Original],Table8[Clean],,0,1),"Unknown") -> Delivered | U27: 1 | V27: =IF(ISNUMBER(Table1[[#This Row],[delivery_days]]),Table1[[#This Row],[delivery_days]],IFERROR(_xlfn.XLOOKUP(Table1[[#This Row],[delivery_days]],Table57[Original],Table57[Clean],,0,1),"Unknown")) -> 1 | W27: VIP
A28: 1026 | B28: =IF(ISBLANK(Table1[[#This Row],[order_id]]),"",IF(LEFT(Table1[[#This Row],[order_id]],3)="ORD",Table1[[#This Row],[order_id]],"ORD-" & Table1[[#This Row],[order_id]])) -> ORD-1026 | D28: =IFERROR(DATEVALUE(Table1[[#This Row],[order_date]]),"") | F28: =IF(ISBLANK(Table1[[#This Row],[customer_name]]),"Unknown Customer",PROPER(SUBSTITUTE(Table1[[#This Row],[customer_name]],"Cust.","Customer"))) -> Unknown Customer | G28: U.S. | H28: =IFERROR(_xlfn.XLOOKUP(Table1[[#This Row],[region]],Mappings!$C$3:$C$8,Mappings!$D$3:$D$8,,0,1),"Unknown") -> USA | I28: Online | J28: =IFERROR(_xlfn.XLOOKUP(Table1[[#This Row],[sales_channel]],Table4[Original],Table4[Clean],,0,1),"Unknown") -> Online | K28: Laptop | L28: =IFERROR(_xlfn.XLOOKUP(Table1[[#This Row],[product]],Table3[Original],Table3[Product_clean],,0,1),"Unknown") -> Laptop | M28: 1 | N28: =IF(ISNUMBER(Table1[[#This Row],[quantity]]),Table1[[#This Row],[quantity]],IFERROR(VLOOKUP(Table1[[#This Row],[quantity]],Table5[#All],2,FALSE),"Unknown")) -> 1 | O28: $435.92 | P28: =IFERROR(VALUE(SUBSTITUTE(SUBSTITUTE(SUBSTITUTE(Table1[[#This Row],[revenue]],"EUR",""),"$",""),".",",")),"") -> 435.92 | Q28: USD | R28: =IF(OR(Table1[[#This Row],[currency]]="EUR",Table1[[#This Row],[currency]]="€"),"EUR",IF(OR(Table1[[#This Row],[currency]]="USD",Table1[[#This Row],[currency]]="$"),"USD","Unknown")) -> USD | S28: pending | T28: =IFERROR(_xlfn.XLOOKUP(Table1[[#This Row],[order_status]],Table8[Original],Table8[Clean],,0,1),"Unknown") -> Pending | U28: 1 | V28: =IF(ISNUMBER(Table1[[#This Row],[delivery_days]]),Table1[[#This Row],[delivery_days]],IFERROR(_xlfn.XLOOKUP(Table1[[#This Row],[delivery_days]],Table57[Original],Table57[Clean],,0,1),"Unknown")) -> 1 | W28: VIP
A29: 1027 | B29: =IF(ISBLANK(Table1[[#This Row],[order_id]]),"",IF(LEFT(Table1[[#This Row],[order_id]],3)="ORD",Table1[[#This Row],[order_id]],"ORD-" & Table1[[#This Row],[order_id]])) -> ORD-1027 | C29: 2024-10-25 | D29: =IFERROR(DATEVALUE(Table1[[#This Row],[order_date]]),"") -> 45590 | E29: Cust. 27 | F29: =IF(ISBLANK(Table1[[#This Row],[customer_name]]),"Unknown Customer",PROPER(SUBSTITUTE(Table1[[#This Row],[customer_name]],"Cust.","Customer"))) -> Customer 27 | G29: Asia | H29: =IFERROR(_xlfn.XLOOKUP(Table1[[#This Row],[region]],Mappings!$C$3:$C$8,Mappings!$D$3:$D$8,,0,1),"Unknown") -> Asia | I29: Online | J29: =IFERROR(_xlfn.XLOOKUP(Table1[[#This Row],[sales_channel]],Table4[Original],Table4[Clean],,0,1),"Unknown") -> Online | K29: Phone | L29: =IFERROR(_xlfn.XLOOKUP(Table1[[#This Row],[product]],Table3[Original],Table3[Product_clean],,0,1),"Unknown") -> Phone | M29: 2 | N29: =IF(ISNUMBER(Table1[[#This Row],[quantity]]),Table1[[#This Row],[quantity]],IFERROR(VLOOKUP(Table1[[#This Row],[quantity]],Table5[#All],2,FALSE),"Unknown")) -> 2 | P29: =IFERROR(VALUE(SUBSTITUTE(SUBSTITUTE(SUBSTITUTE(Table1[[#This Row],[revenue]],"EUR",""),"$",""),".",",")),"") | Q29: USD | R29: =IF(OR(Table1[[#This Row],[currency]]="EUR",Table1[[#This Row],[currency]]="€"),"EUR",IF(OR(Table1[[#This Row],[currency]]="USD",Table1[[#This Row],[currency]]="$"),"USD","Unknown")) -> USD | T29: =IFERROR(_xlfn.XLOOKUP(Table1[[#This Row],[order_status]],Table8[Original],Table8[Clean],,0,1),"Unknown") -> Unknown | U29: 1 | V29: =IF(ISNUMBER(Table1[[#This Row],[delivery_days]]),Table1[[#This Row],[delivery_days]],IFERROR(_xlfn.XLOOKUP(Table1[[#This Row],[delivery_days]],Table57[Original],Table57[Clean],,0,1),"Unknown")) -> 1 | W29: VIP
B30: =IF(ISBLANK(Table1[[#This Row],[order_id]]),"",IF(LEFT(Table1[[#This Row],[order_id]],3)="ORD",Table1[[#This Row],[order_id]],"ORD-" & Table1[[#This Row],[order_id]])) | C30: 03/02/2025 | D30: =IFERROR(DATEVALUE(Table1[[#This Row],[order_date]]),"") -> 45691 | E30: customer 28 | F30: =IF(ISBLANK(Table1[[#This Row],[customer_name]]),"Unknown Customer",PROPER(SUBSTITUTE(Table1[[#This Row],[customer_name]],"Cust.","Customer"))) -> Customer 28 | H30: =IFERROR(_xlfn.XLOOKUP(Table1[[#This Row],[region]],Mappings!$C$3:$C$8,Mappings!$D$3:$D$8,,0,1),"Unknown") -> Unknown | I30: online | J30: =IFERROR(_xlfn.XLOOKUP(Table1[[#This Row],[sales_channel]],Table4[Original],Table4[Clean],,0,1),"Unknown") -> Online | L30: =IFERROR(_xlfn.XLOOKUP(Table1[[#This Row],[product]],Table3[Original],Table3[Product_clean],,0,1),"Unknown") -> Unknown | M30: 2 | N30: =IF(ISNUMBER(Table1[[#This Row],[quantity]]),Table1[[#This Row],[quantity]],IFERROR(VLOOKUP(Table1[[#This Row],[quantity]],Table5[#All],2,FALSE),"Unknown")) -> 2 | P30: =IFERROR(VALUE(SUBSTITUTE(SUBSTITUTE(SUBSTITUTE(Table1[[#This Row],[revenue]],"EUR",""),"$",""),".",",")),"") | Q30: $ | R30: =IF(OR(Table1[[#This Row],[currency]]="EUR",Table1[[#This Row],[currency]]="€"),"EUR",IF(OR(Table1[[#This Row],[currency]]="USD",Table1[[#This Row],[currency]]="$"),"USD","Unknown")) -> USD | S30: delivered | T30: =IFERROR(_xlfn.XLOOKUP(Table1[[#This Row],[order_status]],Table8[Original],Table8[Clean],,0,1),"Unknown") -> Delivered | U30: 2 | V30: =IF(ISNUMBER(Table1[[#This Row],[delivery_days]]),Table1[[#This Row],[delivery_days]],IFERROR(_xlfn.XLOOKUP(Table1[[#This Row],[delivery_days]],Table57[Original],Table57[Clean],,0,1),"Unknown")) -> 2 | W30: VIP
A31: ORD-1029 | B31: =IF(ISBLANK(Table1[[#This Row],[order_id]]),"",IF(LEFT(Table1[[#This Row],[order_id]],3)="ORD",Table1[[#This Row],[order_id]],"ORD-" & Table1[[#This Row],[order_id]])) -> ORD-1029 | C31: 04/02/2025 | D31: =IFERROR(DATEVALUE(Table1[[#This Row],[order_date]]),"") -> 45692 | E31: Customer 29 | F31: =IF(ISBLANK(Table1[[#This Row],[customer_name]]),"Unknown Customer",PROPER(SUBSTITUTE(Table1[[#This Row],[customer_name]],"Cust.","Customer"))) -> Customer 29 | G31: europe | H31: =IFERROR(_xlfn.XLOOKUP(Table1[[#This Row],[region]],Mappings!$C$3:$C$8,Mappings!$D$3:$D$8,,0,1),"Unknown") -> Europe | I31: Online | J31: =IFERROR(_xlfn.XLOOKUP(Table1[[#This Row],[sales_channel]],Table4[Original],Table4[Clean],,0,1),"Unknown") -> Online | L31: =IFERROR(_xlfn.XLOOKUP(Table1[[#This Row],[product]],Table3[Original],Table3[Product_clean],,0,1),"Unknown") -> Unknown | M31: two | N31: =IF(ISNUMBER(Table1[[#This Row],[quantity]]),Table1[[#This Row],[quantity]],IFERROR(VLOOKUP(Table1[[#This Row],[quantity]],Table5[#All],2,FALSE),"Unknown")) -> 2 | O31: 2795.91 EUR | P31: =IFERROR(VALUE(SUBSTITUTE(SUBSTITUTE(SUBSTITUTE(Table1[[#This Row],[revenue]],"EUR",""),"$",""),".",",")),"") -> 2795.91 | Q31: USD | R31: =IF(OR(Table1[[#This Row],[currency]]="EUR",Table1[[#This Row],[currency]]="€"),"EUR",IF(OR(Table1[[#This Row],[currency]]="USD",Table1[[#This Row],[currency]]="$"),"USD","Unknown")) -> USD | S31: Delivered | T31: =IFERROR(_xlfn.XLOOKUP(Table1[[#This Row],[order_status]],Table8[Original],Table8[Clean],,0,1),"Unknown") -> Delivered | U31: 5 | V31: =IF(ISNUMBER(Table1[[#This Row],[delivery_days]]),Table1[[#This Row],[delivery_days]],IFERROR(_xlfn.XLOOKUP(Table1[[#This Row],[delivery_days]],Table57[Original],Table57[Clean],,0,1),"Unknown")) -> 5 | W31: VIP
A32: 1030 | B32: =IF(ISBLANK(Table1[[#This Row],[order_id]]),"",IF(LEFT(Table1[[#This Row],[order_id]],3)="ORD",Table1[[#This Row],[order_id]],"ORD-" & Table1[[#This Row],[order_id]])) -> ORD-1030 | C32: 2024-06-05 | D32: =IFERROR(DATEVALUE(Table1[[#This Row],[order_date]]),"") -> 45448 | E32: customer 30 | F32: =IF(ISBLANK(Table1[[#This Row],[customer_name]]),"Unknown Customer",PROPER(SUBSTITUTE(Table1[[#This Row],[customer_name]],"Cust.","Customer"))) -> Customer 30 | G32: europe | H32: =IFERROR(_xlfn.XLOOKUP(Table1[[#This Row],[region]],Mappings!$C$3:$C$8,Mappings!$D$3:$D$8,,0,1),"Unknown") -> Europe | I32: Mobile | J32: =IFERROR(_xlfn.XLOOKUP(Table1[[#This Row],[sales_channel]],Table4[Original],Table4[Clean],,0,1),"Unknown") -> Mobile | K32: Phone | L32: =IFERROR(_xlfn.XLOOKUP(Table1[[#This Row],[product]],Table3[Original],Table3[Product_clean],,0,1),"Unknown") -> Phone | M32: 1 | N32: =IF(ISNUMBER(Table1[[#This Row],[quantity]]),Table1[[#This Row],[quantity]],IFERROR(VLOOKUP(Table1[[#This Row],[quantity]],Table5[#All],2,FALSE),"Unknown")) -> 1 | O32: 2470.58 EUR | P32: =IFERROR(VALUE(SUBSTITUTE(SUBSTITUTE(SUBSTITUTE(Table1[[#This Row],[revenue]],"EUR",""),"$",""),".",",")),"") -> 2470.58 | Q32: € | R32: =IF(OR(Table1[[#This Row],[currency]]="EUR",Table1[[#This Row],[currency]]="€"),"EUR",IF(OR(Table1[[#This Row],[currency]]="USD",Table1[[#This Row],[currency]]="$"),"USD","Unknown")) -> EUR | S32: RETURNED | T32: =IFERROR(_xlfn.XLOOKUP(Table1[[#This Row],[order_status]],Table8[Original],Table8[Clean],,0,1),"Unknown") -> Returned | V32: =IF(ISNUMBER(Table1[[#This Row],[delivery_days]]),Table1[[#This Row],[delivery_days]],IFERROR(_xlfn.XLOOKUP(Table1[[#This Row],[delivery_days]],Table57[Original],Table57[Clean],,0,1),"Unknown")) -> Unknown
A33: 1031 | B33: =IF(ISBLANK(Table1[[#This Row],[order_id]]),"",IF(LEFT(Table1[[#This Row],[order_id]],3)="ORD",Table1[[#This Row],[order_id]],"ORD-" & Table1[[#This Row],[order_id]])) -> ORD-1031 | C33: 2024-12-13 | D33: =IFERROR(DATEVALUE(Table1[[#This Row],[order_date]]),"") -> 45639 | E33: Cust. 31 | F33: =IF(ISBLANK(Table1[[#This Row],[customer_name]]),"Unknown Customer",PROPER(SUBSTITUTE(Table1[[#This Row],[customer_name]],"Cust.","Customer"))) -> Customer 31 | G33: US | H33: =IFERROR(_xlfn.XLOOKUP(Table1[[#This Row],[region]],Mappings!$C$3:$C$8,Mappings!$D$3:$D$8,,0,1),"Unknown") -> USA | I33: Web | J33: =IFERROR(_xlfn.XLOOKUP(Table1[[#This Row],[sales_channel]],Table4[Original],Table4[Clean],,0,1),"Unknown") -> Online | K33: Phone | L33: =IFERROR(_xlfn.XLOOKUP(Table1[[#This Row],[product]],Table3[Original],Table3[Product_clean],,0,1),"Unknown") -> Phone | M33: 1 | N33: =IF(ISNUMBER(Table1[[#This Row],[quantity]]),Table1[[#This Row],[quantity]],IFERROR(VLOOKUP(Table1[[#This Row],[quantity]],Table5[#All],2,FALSE),"Unknown")) -> 1 | O33: $2944.39 | P33: =IFERROR(VALUE(SUBSTITUTE(SUBSTITUTE(SUBSTITUTE(Table1[[#This Row],[revenue]],"EUR",""),"$",""),".",",")),"") -> 2944.39 | Q33: EUR | R33: =IF(OR(Table1[[#This Row],[currency]]="EUR",Table1[[#This Row],[currency]]="€"),"EUR",IF(OR(Table1[[#This Row],[currency]]="USD",Table1[[#This Row],[currency]]="$"),"USD","Unknown")) -> EUR | S33: pending | T33: =IFERROR(_xlfn.XLOOKUP(Table1[[#This Row],[order_status]],Table8[Original],Table8[Clean],,0,1),"Unknown") -> Pending | U33: 5 | V33: =IF(ISNUMBER(Table1[[#This Row],[delivery_days]]),Table1[[#This Row],[delivery_days]],IFERROR(_xlfn.XLOOKUP(Table1[[#This Row],[delivery_days]],Table57[Original],Table57[Clean],,0,1),"Unknown")) -> 5 | W33: VIP
B34: =IF(ISBLANK(Table1[[#This Row],[order_id]]),"",IF(LEFT(Table1[[#This Row],[order_id]],3)="ORD",Table1[[#This Row],[order_id]],"ORD-" & Table1[[#This Row],[order_id]])) | C34: 2025-01-08 | D34: =IFERROR(DATEVALUE(Table1[[#This Row],[order_date]]),"") -> 45665 | F34: =IF(ISBLANK(Table1[[#This Row],[customer_name]]),"Unknown Customer",PROPER(SUBSTITUTE(Table1[[#This Row],[customer_name]],"Cust.","Customer"))) -> Unknown Customer | G34: U.S. | H34: =IFERROR(_xlfn.XLOOKUP(Table1[[#This Row],[region]],Mappings!$C$3:$C$8,Mappings!$D$3:$D$8,,0,1),"Unknown") -> USA | I34: online | J34: =IFERROR(_xlfn.XLOOKUP(Table1[[#This Row],[sales_channel]],Table4[Original],Table4[Clean],,0,1),"Unknown") -> Online | K34: Phone | L34: =IFERROR(_xlfn.XLOOKUP(Table1[[#This Row],[product]],Table3[Original],Table3[Product_clean],,0,1),"Unknown") -> Phone | M34: 1 | N34: =IF(ISNUMBER(Table1[[#This Row],[quantity]]),Table1[[#This Row],[quantity]],IFERROR(VLOOKUP(Table1[[#This Row],[quantity]],Table5[#All],2,FALSE),"Unknown")) -> 1 | P34: =IFERROR(VALUE(SUBSTITUTE(SUBSTITUTE(SUBSTITUTE(Table1[[#This Row],[revenue]],"EUR",""),"$",""),".",",")),"") | Q34: $ | R34: =IF(OR(Table1[[#This Row],[currency]]="EUR",Table1[[#This Row],[currency]]="€"),"EUR",IF(OR(Table1[[#This Row],[currency]]="USD",Table1[[#This Row],[currency]]="$"),"USD","Unknown")) -> USD | S34: delivered | T34: =IFERROR(_xlfn.XLOOKUP(Table1[[#This Row],[order_status]],Table8[Original],Table8[Clean],,0,1),"Unknown") -> Delivered | U34: five | V34: =IF(ISNUMBER(Table1[[#This Row],[delivery_days]]),Table1[[#This Row],[delivery_days]],IFERROR(_xlfn.XLOOKUP(Table1[[#This Row],[delivery_days]],Table57[Original],Table57[Clean],,0,1),"Unknown")) -> 5 | W34: late delivery
B35: =IF(ISBLANK(Table1[[#This Row],[order_id]]),"",IF(LEFT(Table1[[#This Row],[order_id]],3)="ORD",Table1[[#This Row],[order_id]],"ORD-" & Table1[[#This Row],[order_id]])) | C35: 07-05-2024 | D35: =IFERROR(DATEVALUE(Table1[[#This Row],[order_date]]),"") -> 45419 | E35: Customer 33 | F35: =IF(ISBLANK(Table1[[#This Row],[customer_name]]),"Unknown Customer",PROPER(SUBSTITUTE(Table1[[#This Row],[customer_name]],"Cust.","Customer"))) -> Customer 33 | H35: =IFERROR(_xlfn.XLOOKUP(Table1[[#This Row],[region]],Mappings!$C$3:$C$8,Mappings!$D$3:$D$8,,0,1),"Unknown") -> Unknown | I35: Mobile | J35: =IFERROR(_xlfn.XLOOKUP(Table1[[#This Row],[sales_channel]],Table4[Original],Table4[Clean],,0,1),"Unknown") -> Mobile | K35: Tablet | L35: =IFERROR(_xlfn.XLOOKUP(Table1[[#This Row],[product]],Table3[Original],Table3[Product_clean],,0,1),"Unknown") -> Tablet | M35: 3 | N35: =IF(ISNUMBER(Table1[[#This Row],[quantity]]),Table1[[#This Row],[quantity]],IFERROR(VLOOKUP(Table1[[#This Row],[quantity]],Table5[#All],2,FALSE),"Unknown")) -> 3 | O35: $1322.33 | P35: =IFERROR(VALUE(SUBSTITUTE(SUBSTITUTE(SUBSTITUTE(Table1[[#This Row],[revenue]],"EUR",""),"$",""),".",",")),"") -> 1322.33 | Q35: $ | R35: =IF(OR(Table1[[#This Row],[currency]]="EUR",Table1[[#This Row],[currency]]="€"),"EUR",IF(OR(Table1[[#This Row],[currency]]="USD",Table1[[#This Row],[currency]]="$"),"USD","Unknown")) -> USD | S35: RETURNED | T35: =IFERROR(_xlfn.XLOOKUP(Table1[[#This Row],[order_status]],Table8[Original],Table8[Clean],,0,1),"Unknown") -> Returned | U35: 5 | V35: =IF(ISNUMBER(Table1[[#This Row],[delivery_days]]),Table1[[#This Row],[delivery_days]],IFERROR(_xlfn.XLOOKUP(Table1[[#This Row],[delivery_days]],Table57[Original],Table57[Clean],,0,1),"Unknown")) -> 5 | W35: VIP
B36: =IF(ISBLANK(Table1[[#This Row],[order_id]]),"",IF(LEFT(Table1[[#This Row],[order_id]],3)="ORD",Table1[[#This Row],[order_id]],"ORD-" & Table1[[#This Row],[order_id]])) | D36: =IFERROR(DATEVALUE(Table1[[#This Row],[order_date]]),"") | E36: customer 34 | F36: =IF(ISBLANK(Table1[[#This Row],[customer_name]]),"Unknown Customer",PROPER(SUBSTITUTE(Table1[[#This Row],[customer_name]],"Cust.","Customer"))) -> Customer 34 | G36: U.S. | H36: =IFERROR(_xlfn.XLOOKUP(Table1[[#This Row],[region]],Mappings!$C$3:$C$8,Mappings!$D$3:$D$8,,0,1),"Unknown") -> USA | I36: Web | J36: =IFERROR(_xlfn.XLOOKUP(Table1[[#This Row],[sales_channel]],Table4[Original],Table4[Clean],,0,1),"Unknown") -> Online | K36: Phone | L36: =IFERROR(_xlfn.XLOOKUP(Table1[[#This Row],[product]],Table3[Original],Table3[Product_clean],,0,1),"Unknown") -> Phone | M36: two | N36: =IF(ISNUMBER(Table1[[#This Row],[quantity]]),Table1[[#This Row],[quantity]],IFERROR(VLOOKUP(Table1[[#This Row],[quantity]],Table5[#All],2,FALSE),"Unknown")) -> 2 | P36: =IFERROR(VALUE(SUBSTITUTE(SUBSTITUTE(SUBSTITUTE(Table1[[#This Row],[revenue]],"EUR",""),"$",""),".",",")),"") | R36: =IF(OR(Table1[[#This Row],[currency]]="EUR",Table1[[#This Row],[currency]]="€"),"EUR",IF(OR(Table1[[#This Row],[currency]]="USD",Table1[[#This Row],[currency]]="$"),"USD","Unknown")) -> Unknown | S36: delivered | T36: =IFERROR(_xlfn.XLOOKUP(Table1[[#This Row],[order_status]],Table8[Original],Table8[Clean],,0,1),"Unknown") -> Delivered | U36: 3 | V36: =IF(ISNUMBER(Table1[[#This Row],[delivery_days]]),Table1[[#This Row],[delivery_days]],IFERROR(_xlfn.XLOOKUP(Table1[[#This Row],[delivery_days]],Table57[Original],Table57[Clean],,0,1),"Unknown")) -> 3 | W36: VIP
A37: ORD-1035 | B37: =IF(ISBLANK(Table1[[#This Row],[order_id]]),"",IF(LEFT(Table1[[#This Row],[order_id]],3)="ORD",Table1[[#This Row],[order_id]],"ORD-" & Table1[[#This Row],[order_id]])) -> ORD-1035 | D37: =IFERROR(DATEVALUE(Table1[[#This Row],[order_date]]),"") | F37: =IF(ISBLANK(Table1[[#This Row],[customer_name]]),"Unknown Customer",PROPER(SUBSTITUTE(Table1[[#This Row],[customer_name]],"Cust.","Customer"))) -> Unknown Customer | H37: =IFERROR(_xlfn.XLOOKUP(Table1[[#This Row],[region]],Mappings!$C$3:$C$8,Mappings!$D$3:$D$8,,0,1),"Unknown") -> Unknown | I37: online | J37: =IFERROR(_xlfn.XLOOKUP(Table1[[#This Row],[sales_channel]],Table4[Original],Table4[Clean],,0,1),"Unknown") -> Online | K37: Tablet | L37: =IFERROR(_xlfn.XLOOKUP(Table1[[#This Row],[product]],Table3[Original],Table3[Product_clean],,0,1),"Unknown") -> Tablet | M37: two | N37: =IF(ISNUMBER(Table1[[#This Row],[quantity]]),Table1[[#This Row],[quantity]],IFERROR(VLOOKUP(Table1[[#This Row],[quantity]],Table5[#All],2,FALSE),"Unknown")) -> 2 | O37: $1318.17 | P37: =IFERROR(VALUE(SUBSTITUTE(SUBSTITUTE(SUBSTITUTE(Table1[[#This Row],[revenue]],"EUR",""),"$",""),".",",")),"") -> 1318.17 | Q37: USD | R37: =IF(OR(Table1[[#This Row],[currency]]="EUR",Table1[[#This Row],[currency]]="€"),"EUR",IF(OR(Table1[[#This Row],[currency]]="USD",Table1[[#This Row],[currency]]="$"),"USD","Unknown")) -> USD | T37: =IFERROR(_xlfn.XLOOKUP(Table1[[#This Row],[order_status]],Table8[Original],Table8[Clean],,0,1),"Unknown") -> Unknown | U37: 1 | V37: =IF(ISNUMBER(Table1[[#This Row],[delivery_days]]),Table1[[#This Row],[delivery_days]],IFERROR(_xlfn.XLOOKUP(Table1[[#This Row],[delivery_days]],Table57[Original],Table57[Clean],,0,1),"Unknown")) -> 1 | W37: VIP
A38: 1036 | B38: =IF(ISBLANK(Table1[[#This Row],[order_id]]),"",IF(LEFT(Table1[[#This Row],[order_id]],3)="ORD",Table1[[#This Row],[order_id]],"ORD-" & Table1[[#This Row],[order_id]])) -> ORD-1036 | C38: 20/09/2024 | D38: =IFERROR(DATEVALUE(Table1[[#This Row],[order_date]]),"") -> 45555 | E38: Cust. 36 | F38: =IF(ISBLANK(Table1[[#This Row],[customer_name]]),"Unknown Customer",PROPER(SUBSTITUTE(Table1[[#This Row],[customer_name]],"Cust.","Customer"))) -> Customer 36 | G38: US | H38: =IFERROR(_xlfn.XLOOKUP(Table1[[#This Row],[region]],Mappings!$C$3:$C$8,Mappings!$D$3:$D$8,,0,1),"Unknown") -> USA | I38: online | J38: =IFERROR(_xlfn.XLOOKUP(Table1[[#This Row],[sales_channel]],Table4[Original],Table4[Clean],,0,1),"Unknown") -> Online | K38: Lapotp | L38: =IFERROR(_xlfn.XLOOKUP(Table1[[#This Row],[product]],Table3[Original],Table3[Product_clean],,0,1),"Unknown") -> Laptop | M38: 1 | N38: =IF(ISNUMBER(Table1[[#This Row],[quantity]]),Table1[[#This Row],[quantity]],IFERROR(VLOOKUP(Table1[[#This Row],[quantity]],Table5[#All],2,FALSE),"Unknown")) -> 1 | O38: $2008.37 | P38: =IFERROR(VALUE(SUBSTITUTE(SUBSTITUTE(SUBSTITUTE(Table1[[#This Row],[revenue]],"EUR",""),"$",""),".",",")),"") -> 2008.37 | Q38: EUR | R38: =IF(OR(Table1[[#This Row],[currency]]="EUR",Table1[[#This Row],[currency]]="€"),"EUR",IF(OR(Table1[[#This Row],[currency]]="USD",Table1[[#This Row],[currency]]="$"),"USD","Unknown")) -> EUR | S38: Delivered | T38: =IFERROR(_xlfn.XLOOKUP(Table1[[#This Row],[order_status]],Table8[Original],Table8[Clean],,0,1),"Unknown") -> Delivered | U38: 5 | V38: =IF(ISNUMBER(Table1[[#This Row],[delivery_days]]),Table1[[#This Row],[delivery_days]],IFERROR(_xlfn.XLOOKUP(Table1[[#This Row],[delivery_days]],Table57[Original],Table57[Clean],,0,1),"Unknown")) -> 5
B39: =IF(ISBLANK(Table1[[#This Row],[order_id]]),"",IF(LEFT(Table1[[#This Row],[order_id]],3)="ORD",Table1[[#This Row],[order_id]],"ORD-" & Table1[[#This Row],[order_id]])) | D39: =IFERROR(DATEVALUE(Table1[[#This Row],[order_date]]),"") | F39: =IF(ISBLANK(Table1[[#This Row],[customer_name]]),"Unknown Customer",PROPER(SUBSTITUTE(Table1[[#This Row],[customer_name]],"Cust.","Customer"))) -> Unknown Customer | G39: europe | H39: =IFERROR(_xlfn.XLOOKUP(Table1[[#This Row],[region]],Mappings!$C$3:$C$8,Mappings!$D$3:$D$8,,0,1),"Unknown") -> Europe | I39: online | J39: =IFERROR(_xlfn.XLOOKUP(Table1[[#This Row],[sales_channel]],Table4[Original],Table4[Clean],,0,1),"Unknown") -> Online | K39: Lapotp | L39: =IFERROR(_xlfn.XLOOKUP(Table1[[#This Row],[product]],Table3[Original],Table3[Product_clean],,0,1),"Unknown") -> Laptop | M39: 1 | N39: =IF(ISNUMBER(Table1[[#This Row],[quantity]]),Table1[[#This Row],[quantity]],IFERROR(VLOOKUP(Table1[[#This Row],[quantity]],Table5[#All],2,FALSE),"Unknown")) -> 1 | O39: 1272.6 EUR | P39: =IFERROR(VALUE(SUBSTITUTE(SUBSTITUTE(SUBSTITUTE(Table1[[#This Row],[revenue]],"EUR",""),"$",""),".",",")),"") -> 1272.6 | Q39: EUR | R39: =IF(OR(Table1[[#This Row],[currency]]="EUR",Table1[[#This Row],[currency]]="€"),"EUR",IF(OR(Table1[[#This Row],[currency]]="USD",Table1[[#This Row],[currency]]="$"),"USD","Unknown")) -> EUR | S39: returned | T39: =IFERROR(_xlfn.XLOOKUP(Table1[[#This Row],[order_status]],Table8[Original],Table8[Clean],,0,1),"Unknown") -> Returned | U39: 2 | V39: =IF(ISNUMBER(Table1[[#This Row],[delivery_days]]),Table1[[#This Row],[delivery_days]],IFERROR(_xlfn.XLOOKUP(Table1[[#This Row],[delivery_days]],Table57[Original],Table57[Clean],,0,1),"Unknown")) -> 2 | W39: late delivery
A40: 1038 | B40: =IF(ISBLANK(Table1[[#This Row],[order_id]]),"",IF(LEFT(Table1[[#This Row],[order_id]],3)="ORD",Table1[[#This Row],[order_id]],"ORD-" & Table1[[#This Row],[order_id]])) -> ORD-1038 | C40: 15/02/2025 | D40: =IFERROR(DATEVALUE(Table1[[#This Row],[order_date]]),"") -> 45703 | E40: Customer 38 | F40: =IF(ISBLANK(Table1[[#This Row],[customer_name]]),"Unknown Customer",PROPER(SUBSTITUTE(Table1[[#This Row],[customer_name]],"Cust.","Customer"))) -> Customer 38 | G40: europe | H40: =IFERROR(_xlfn.XLOOKUP(Table1[[#This Row],[region]],Mappings!$C$3:$C$8,Mappings!$D$3:$D$8,,0,1),"Unknown") -> Europe | I40: online | J40: =IFERROR(_xlfn.XLOOKUP(Table1[[#This Row],[sales_channel]],Table4[Original],Table4[Clean],,0,1),"Unknown") -> Online | L40: =IFERROR(_xlfn.XLOOKUP(Table1[[#This Row],[product]],Table3[Original],Table3[Product_clean],,0,1),"Unknown") -> Unknown | M40: two | N40: =IF(ISNUMBER(Table1[[#This Row],[quantity]]),Table1[[#This Row],[quantity]],IFERROR(VLOOKUP(Table1[[#This Row],[quantity]],Table5[#All],2,FALSE),"Unknown")) -> 2 | P40: =IFERROR(VALUE(SUBSTITUTE(SUBSTITUTE(SUBSTITUTE(Table1[[#This Row],[revenue]],"EUR",""),"$",""),".",",")),"") | R40: =IF(OR(Table1[[#This Row],[currency]]="EUR",Table1[[#This Row],[currency]]="€"),"EUR",IF(OR(Table1[[#This Row],[currency]]="USD",Table1[[#This Row],[currency]]="$"),"USD","Unknown")) -> Unknown | S40: pending | T40: =IFERROR(_xlfn.XLOOKUP(Table1[[#This Row],[order_status]],Table8[Original],Table8[Clean],,0,1),"Unknown") -> Pending | U40: five | V40: =IF(ISNUMBER(Table1[[#This Row],[delivery_days]]),Table1[[#This Row],[delivery_days]],IFERROR(_xlfn.XLOOKUP(Table1[[#This Row],[delivery_days]],Table57[Original],Table57[Clean],,0,1),"Unknown")) -> 5 | W40: VIP
B41: =IF(ISBLANK(Table1[[#This Row],[order_id]]),"",IF(LEFT(Table1[[#This Row],[order_id]],3)="ORD",Table1[[#This Row],[order_id]],"ORD-" & Table1[[#This Row],[order_id]])) | D41: =IFERROR(DATEVALUE(Table1[[#This Row],[order_date]]),"") | E41: customer 39 | F41: =IF(ISBLANK(Table1[[#This Row],[customer_name]]),"Unknown Customer",PROPER(SUBSTITUTE(Table1[[#This Row],[customer_name]],"Cust.","Customer"))) -> Customer 39 | H41: =IFERROR(_xlfn.XLOOKUP(Table1[[#This Row],[region]],Mappings!$C$3:$C$8,Mappings!$D$3:$D$8,,0,1),"Unknown") -> Unknown | I41: MOBILE | J41: =IFERROR(_xlfn.XLOOKUP(Table1[[#This Row],[sales_channel]],Table4[Original],Table4[Clean],,0,1),"Unknown") -> Mobile | K41: phone | L41: =IFERROR(_xlfn.XLOOKUP(Table1[[#This Row],[product]],Table3[Original],Table3[Product_clean],,0,1),"Unknown") -> Phone | M41: 3 | N41: =IF(ISNUMBER(Table1[[#This Row],[quantity]]),Table1[[#This Row],[quantity]],IFERROR(VLOOKUP(Table1[[#This Row],[quantity]],Table5[#All],2,FALSE),"Unknown")) -> 3 | P41: =IFERROR(VALUE(SUBSTITUTE(SUBSTITUTE(SUBSTITUTE(Table1[[#This Row],[revenue]],"EUR",""),"$",""),".",",")),"") | Q41: USD | R41: =IF(OR(Table1[[#This Row],[currency]]="EUR",Table1[[#This Row],[currency]]="€"),"EUR",IF(OR(Table1[[#This Row],[currency]]="USD",Table1[[#This Row],[currency]]="$"),"USD","Unknown")) -> USD | T41: =IFERROR(_xlfn.XLOOKUP(Table1[[#This Row],[order_status]],Table8[Original],Table8[Clean],,0,1),"Unknown") -> Unknown | U41: 3 | V41: =IF(ISNUMBER(Table1[[#This Row],[delivery_days]]),Table1[[#This Row],[delivery_days]],IFERROR(_xlfn.XLOOKUP(Table1[[#This Row],[delivery_days]],Table57[Original],Table57[Clean],,0,1),"Unknown")) -> 3
A42: 1040 | B42: =IF(ISBLANK(Table1[[#This Row],[order_id]]),"",IF(LEFT(Table1[[#This Row],[order_id]],3)="ORD",Table1[[#This Row],[order_id]],"ORD-" & Table1[[#This Row],[order_id]])) -> ORD-1040 | C42: 11-16-2024 | D42: =IFERROR(DATEVALUE(Table1[[#This Row],[order_date]]),"") | E42: customer 40 | F42: =IF(ISBLANK(Table1[[#This Row],[customer_name]]),"Unknown Customer",PROPER(SUBSTITUTE(Table1[[#This Row],[customer_name]],"Cust.","Customer"))) -> Customer 40 | G42: Asia | H42: =IFERROR(_xlfn.XLOOKUP(Table1[[#This Row],[region]],Mappings!$C$3:$C$8,Mappings!$D$3:$D$8,,0,1),"Unknown") -> Asia | I42: Mobile | J42: =IFERROR(_xlfn.XLOOKUP(Table1[[#This Row],[sales_channel]],Table4[Original],Table4[Clean],,0,1),"Unknown") -> Mobile | K42: Phone | L42: =IFERROR(_xlfn.XLOOKUP(Table1[[#This Row],[product]],Table3[Original],Table3[Product_clean],,0,1),"Unknown") -> Phone | N42: =IF(ISNUMBER(Table1[[#This Row],[quantity]]),Table1[[#This Row],[quantity]],IFERROR(VLOOKUP(Table1[[#This Row],[quantity]],Table5[#All],2,FALSE),"Unknown")) -> Unknown | P42: =IFERROR(VALUE(SUBSTITUTE(SUBSTITUTE(SUBSTITUTE(Table1[[#This Row],[revenue]],"EUR",""),"$",""),".",",")),"") | Q42: EUR | R42: =IF(OR(Table1[[#This Row],[currency]]="EUR",Table1[[#This Row],[currency]]="€"),"EUR",IF(OR(Table1[[#This Row],[currency]]="USD",Table1[[#This Row],[currency]]="$"),"USD","Unknown")) -> EUR | S42: Delivered | T42: =IFERROR(_xlfn.XLOOKUP(Table1[[#This Row],[order_status]],Table8[Original],Table8[Clean],,0,1),"Unknown") -> Delivered | U42: 2 | V42: =IF(ISNUMBER(Table1[[#This Row],[delivery_days]]),Table1[[#This Row],[delivery_days]],IFERROR(_xlfn.XLOOKUP(Table1[[#This Row],[delivery_days]],Table57[Original],Table57[Clean],,0,1),"Unknown")) -> 2 | W42: late delivery
A43: 1041 | B43: =IF(ISBLANK(Table1[[#This Row],[order_id]]),"",IF(LEFT(Table1[[#This Row],[order_id]],3)="ORD",Table1[[#This Row],[order_id]],"ORD-" & Table1[[#This Row],[order_id]])) -> ORD-1041 | D43: =IFERROR(DATEVALUE(Table1[[#This Row],[order_date]]),"") | F43: =IF(ISBLANK(Table1[[#This Row],[customer_name]]),"Unknown Customer",PROPER(SUBSTITUTE(Table1[[#This Row],[customer_name]],"Cust.","Customer"))) -> Unknown Customer | G43: Asia | H43: =IFERROR(_xlfn.XLOOKUP(Table1[[#This Row],[region]],Mappings!$C$3:$C$8,Mappings!$D$3:$D$8,,0,1),"Unknown") -> Asia | I43: Web | J43: =IFERROR(_xlfn.XLOOKUP(Table1[[#This Row],[sales_channel]],Table4[Original],Table4[Clean],,0,1),"Unknown") -> Online | K43: phone | L43: =IFERROR(_xlfn.XLOOKUP(Table1[[#This Row],[product]],Table3[Original],Table3[Product_clean],,0,1),"Unknown") -> Phone | M43: two | N43: =IF(ISNUMBER(Table1[[#This Row],[quantity]]),Table1[[#This Row],[quantity]],IFERROR(VLOOKUP(Table1[[#This Row],[quantity]],Table5[#All],2,FALSE),"Unknown")) -> 2 | O43: 2097.15 EUR | P43: =IFERROR(VALUE(SUBSTITUTE(SUBSTITUTE(SUBSTITUTE(Table1[[#This Row],[revenue]],"EUR",""),"$",""),".",",")),"") -> 2097.15 | Q43: EUR | R43: =IF(OR(Table1[[#This Row],[currency]]="EUR",Table1[[#This Row],[currency]]="€"),"EUR",IF(OR(Table1[[#This Row],[currency]]="USD",Table1[[#This Row],[currency]]="$"),"USD","Unknown")) -> EUR | S43: Delivered | T43: =IFERROR(_xlfn.XLOOKUP(Table1[[#This Row],[order_status]],Table8[Original],Table8[Clean],,0,1),"Unknown") -> Delivered | U43: 5 | V43: =IF(ISNUMBER(Table1[[#This Row],[delivery_days]]),Table1[[#This Row],[delivery_days]],IFERROR(_xlfn.XLOOKUP(Table1[[#This Row],[delivery_days]],Table57[Original],Table57[Clean],,0,1),"Unknown")) -> 5
B44: =IF(ISBLANK(Table1[[#This Row],[order_id]]),"",IF(LEFT(Table1[[#This Row],[order_id]],3)="ORD",Table1[[#This Row],[order_id]],"ORD-" & Table1[[#This Row],[order_id]])) | D44: =IFERROR(DATEVALUE(Table1[[#This Row],[order_date]]),"") | F44: =IF(ISBLANK(Table1[[#This Row],[customer_name]]),"Unknown Customer",PROPER(SUBSTITUTE(Table1[[#This Row],[customer_name]],"Cust.","Customer"))) -> Unknown Customer | G44: EU | H44: =IFERROR(_xlfn.XLOOKUP(Table1[[#This Row],[region]],Mappings!$C$3:$C$8,Mappings!$D$3:$D$8,,0,1),"Unknown") -> Europe | I44: Mobile | J44: =IFERROR(_xlfn.XLOOKUP(Table1[[#This Row],[sales_channel]],Table4[Original],Table4[Clean],,0,1),"Unknown") -> Mobile | K44: Phone | L44: =IFERROR(_xlfn.XLOOKUP(Table1[[#This Row],[product]],Table3[Original],Table3[Product_clean],,0,1),"Unknown") -> Phone | M44: two | N44: =IF(ISNUMBER(Table1[[#This Row],[quantity]]),Table1[[#This Row],[quantity]],IFERROR(VLOOKUP(Table1[[#This Row],[quantity]],Table5[#All],2,FALSE),"Unknown")) -> 2 | O44: 1773.03 | P44: =IFERROR(VALUE(SUBSTITUTE(SUBSTITUTE(SUBSTITUTE(Table1[[#This Row],[revenue]],"EUR",""),"$",""),".",",")),"") -> 1773.03 | Q44: $ | R44: =IF(OR(Table1[[#This Row],[currency]]="EUR",Table1[[#This Row],[currency]]="€"),"EUR",IF(OR(Table1[[#This Row],[currency]]="USD",Table1[[#This Row],[currency]]="$"),"USD","Unknown")) -> USD | S44: pending | T44: =IFERROR(_xlfn.XLOOKUP(Table1[[#This Row],[order_status]],Table8[Original],Table8[Clean],,0,1),"Unknown") -> Pending | V44: =IF(ISNUMBER(Table1[[#This Row],[delivery_days]]),Table1[[#This Row],[delivery_days]],IFERROR(_xlfn.XLOOKUP(Table1[[#This Row],[delivery_days]],Table57[Original],Table57[Clean],,0,1),"Unknown")) -> Unknown | W44: late delivery
A45: ORD-1043 | B45: =IF(ISBLANK(Table1[[#This Row],[order_id]]),"",IF(LEFT(Table1[[#This Row],[order_id]],3)="ORD",Table1[[#This Row],[order_id]],"ORD-" & Table1[[#This Row],[order_id]])) -> ORD-1043 | C45: 2024-09-06 | D45: =IFERROR(DATEVALUE(Table1[[#This Row],[order_date]]),"") -> 45541 | F45: =IF(ISBLANK(Table1[[#This Row],[customer_name]]),"Unknown Customer",PROPER(SUBSTITUTE(Table1[[#This Row],[customer_name]],"Cust.","Customer"))) -> Unknown Customer | G45: Asia | H45: =IFERROR(_xlfn.XLOOKUP(Table1[[#This Row],[region]],Mappings!$C$3:$C$8,Mappings!$D$3:$D$8,,0,1),"Unknown") -> Asia | J45: =IFERROR(_xlfn.XLOOKUP(Table1[[#This Row],[sales_channel]],Table4[Original],Table4[Clean],,0,1),"Unknown") -> Unknown | K45: TABLET | L45: =IFERROR(_xlfn.XLOOKUP(Table1[[#This Row],[product]],Table3[Original],Table3[Product_clean],,0,1),"Unknown") -> Tablet | M45: two | N45: =IF(ISNUMBER(Table1[[#This Row],[quantity]]),Table1[[#This Row],[quantity]],IFERROR(VLOOKUP(Table1[[#This Row],[quantity]],Table5[#All],2,FALSE),"Unknown")) -> 2 | P45: =IFERROR(VALUE(SUBSTITUTE(SUBSTITUTE(SUBSTITUTE(Table1[[#This Row],[revenue]],"EUR",""),"$",""),".",",")),"") | Q45: USD | R45: =IF(OR(Table1[[#This Row],[currency]]="EUR",Table1[[#This Row],[currency]]="€"),"EUR",IF(OR(Table1[[#This Row],[currency]]="USD",Table1[[#This Row],[currency]]="$"),"USD","Unknown")) -> USD | S45: returned | T45: =IFERROR(_xlfn.XLOOKUP(Table1[[#This Row],[order_status]],Table8[Original],Table8[Clean],,0,1),"Unknown") -> Returned | U45: 2 | V45: =IF(ISNUMBER(Table1[[#This Row],[delivery_days]]),Table1[[#This Row],[delivery_days]],IFERROR(_xlfn.XLOOKUP(Table1[[#This Row],[delivery_days]],Table57[Original],Table57[Clean],,0,1),"Unknown")) -> 2
A46: 1044 | B46: =IF(ISBLANK(Table1[[#This Row],[order_id]]),"",IF(LEFT(Table1[[#This Row],[order_id]],3)="ORD",Table1[[#This Row],[order_id]],"ORD-" & Table1[[#This Row],[order_id]])) -> ORD-1044 | D46: =IFERROR(DATEVALUE(Table1[[#This Row],[order_date]]),"") | E46: customer 44 | F46: =IF(ISBLANK(Table1[[#This Row],[customer_name]]),"Unknown Customer",PROPER(SUBSTITUTE(Table1[[#This Row],[customer_name]],"Cust.","Customer"))) -> Customer 44 | H46: =IFERROR(_xlfn.XLOOKUP(Table1[[#This Row],[region]],Mappings!$C$3:$C$8,Mappings!$D$3:$D$8,,0,1),"Unknown") -> Unknown | I46: MOBILE | J46: =IFERROR(_xlfn.XLOOKUP(Table1[[#This Row],[sales_channel]],Table4[Original],Table4[Clean],,0,1),"Unknown") -> Mobile | K46: Lapotp | L46: =IFERROR(_xlfn.XLOOKUP(Table1[[#This Row],[product]],Table3[Original],Table3[Product_clean],,0,1),"Unknown") -> Laptop | M46: 1 | N46: =IF(ISNUMBER(Table1[[#This Row],[quantity]]),Table1[[#This Row],[quantity]],IFERROR(VLOOKUP(Table1[[#This Row],[quantity]],Table5[#All],2,FALSE),"Unknown")) -> 1 | O46: 1796.08 | P46: =IFERROR(VALUE(SUBSTITUTE(SUBSTITUTE(SUBSTITUTE(Table1[[#This Row],[revenue]],"EUR",""),"$",""),".",",")),"") -> 1796.08 | Q46: € | R46: =IF(OR(Table1[[#This Row],[currency]]="EUR",Table1[[#This Row],[currency]]="€"),"EUR",IF(OR(Table1[[#This Row],[currency]]="USD",Table1[[#This Row],[currency]]="$"),"USD","Unknown")) -> EUR | S46: returned | T46: =IFERROR(_xlfn.XLOOKUP(Table1[[#This Row],[order_status]],Table8[Original],Table8[Clean],,0,1),"Unknown") -> Returned | U46: 3 | V46: =IF(ISNUMBER(Table1[[#This Row],[delivery_days]]),Table1[[#This Row],[delivery_days]],IFERROR(_xlfn.XLOOKUP(Table1[[#This Row],[delivery_days]],Table57[Original],Table57[Clean],,0,1),"Unknown")) -> 3 | W46: late delivery
A47: ORD-1045 | B47: =IF(ISBLANK(Table1[[#This Row],[order_id]]),"",IF(LEFT(Table1[[#This Row],[order_id]],3)="ORD",Table1[[#This Row],[order_id]],"ORD-" & Table1[[#This Row],[order_id]])) -> ORD-1045 | D47: =IFERROR(DATEVALUE(Table1[[#This Row],[order_date]]),"") | E47: Cust. 45 | F47: =IF(ISBLANK(Table1[[#This Row],[customer_name]]),"Unknown Customer",PROPER(SUBSTITUTE(Table1[[#This Row],[customer_name]],"Cust.","Customer"))) -> Customer 45 | H47: =IFERROR(_xlfn.XLOOKUP(Table1[[#This Row],[region]],Mappings!$C$3:$C$8,Mappings!$D$3:$D$8,,0,1),"Unknown") -> Unknown | I47: Online | J47: =IFERROR(_xlfn.XLOOKUP(Table1[[#This Row],[sales_channel]],Table4[Original],Table4[Clean],,0,1),"Unknown") -> Online | K47: phone | L47: =IFERROR(_xlfn.XLOOKUP(Table1[[#This Row],[product]],Table3[Original],Table3[Product_clean],,0,1),"Unknown") -> Phone | M47: 1 | N47: =IF(ISNUMBER(Table1[[#This Row],[quantity]]),Table1[[#This Row],[quantity]],IFERROR(VLOOKUP(Table1[[#This Row],[quantity]],Table5[#All],2,FALSE),"Unknown")) -> 1 | P47: =IFERROR(VALUE(SUBSTITUTE(SUBSTITUTE(SUBSTITUTE(Table1[[#This Row],[revenue]],"EUR",""),"$",""),".",",")),"") | R47: =IF(OR(Table1[[#This Row],[currency]]="EUR",Table1[[#This Row],[currency]]="€"),"EUR",IF(OR(Table1[[#This Row],[currency]]="USD",Table1[[#This Row],[currency]]="$"),"USD","Unknown")) -> Unknown | S47: delivered | T47: =IFERROR(_xlfn.XLOOKUP(Table1[[#This Row],[order_status]],Table8[Original],Table8[Clean],,0,1),"Unknown") -> Delivered | U47: 3 | V47: =IF(ISNUMBER(Table1[[#This Row],[delivery_days]]),Table1[[#This Row],[delivery_days]],IFERROR(_xlfn.XLOOKUP(Table1[[#This Row],[delivery_days]],Table57[Original],Table57[Clean],,0,1),"Unknown")) -> 3 | W47: late delivery
A48: 1046 | B48: =IF(ISBLANK(Table1[[#This Row],[order_id]]),"",IF(LEFT(Table1[[#This Row],[order_id]],3)="ORD",Table1[[#This Row],[order_id]],"ORD-" & Table1[[#This Row],[order_id]])) -> ORD-1046 | C48: 28/11/2024 | D48: =IFERROR(DATEVALUE(Table1[[#This Row],[order_date]]),"") -> 45624 | E48: customer 46 | F48: =IF(ISBLANK(Table1[[#This Row],[customer_name]]),"Unknown Customer",PROPER(SUBSTITUTE(Table1[[#This Row],[customer_name]],"Cust.","Customer"))) -> Customer 46 | H48: =IFERROR(_xlfn.XLOOKUP(Table1[[#This Row],[region]],Mappings!$C$3:$C$8,Mappings!$D$3:$D$8,,0,1),"Unknown") -> Unknown | I48: Online | J48: =IFERROR(_xlfn.XLOOKUP(Table1[[#This Row],[sales_channel]],Table4[Original],Table4[Clean],,0,1),"Unknown") -> Online | K48: Tablet | L48: =IFERROR(_xlfn.XLOOKUP(Table1[[#This Row],[product]],Table3[Original],Table3[Product_clean],,0,1),"Unknown") -> Tablet | M48: 2 | N48: =IF(ISNUMBER(Table1[[#This Row],[quantity]]),Table1[[#This Row],[quantity]],IFERROR(VLOOKUP(Table1[[#This Row],[quantity]],Table5[#All],2,FALSE),"Unknown")) -> 2 | O48: 252.42 | P48: =IFERROR(VALUE(SUBSTITUTE(SUBSTITUTE(SUBSTITUTE(Table1[[#This Row],[revenue]],"EUR",""),"$",""),".",",")),"") -> 252.42 | Q48: USD | R48: =IF(OR(Table1[[#This Row],[currency]]="EUR",Table1[[#This Row],[currency]]="€"),"EUR",IF(OR(Table1[[#This Row],[currency]]="USD",Table1[[#This Row],[currency]]="$"),"USD","Unknown")) -> USD | S48: Delivered | T48: =IFERROR(_xlfn.XLOOKUP(Table1[[#This Row],[order_status]],Table8[Original],Table8[Clean],,0,1),"Unknown") -> Delivered | U48: 5 | V48: =IF(ISNUMBER(Table1[[#This Row],[delivery_days]]),Table1[[#This Row],[delivery_days]],IFERROR(_xlfn.XLOOKUP(Table1[[#This Row],[delivery_days]],Table57[Original],Table57[Clean],,0,1),"Unknown")) -> 5
B49: =IF(ISBLANK(Table1[[#This Row],[order_id]]),"",IF(LEFT(Table1[[#This Row],[order_id]],3)="ORD",Table1[[#This Row],[order_id]],"ORD-" & Table1[[#This Row],[order_id]])) | C49: 10-15-2024 | D49: =IFERROR(DATEVALUE(Table1[[#This Row],[order_date]]),"") | E49: Cust. 47 | F49: =IF(ISBLANK(Table1[[#This Row],[customer_name]]),"Unknown Customer",PROPER(SUBSTITUTE(Table1[[#This Row],[customer_name]],"Cust.","Customer"))) -> Customer 47 | G49: US | H49: =IFERROR(_xlfn.XLOOKUP(Table1[[#This Row],[region]],Mappings!$C$3:$C$8,Mappings!$D$3:$D$8,,0,1),"Unknown") -> USA | I49: Web | J49: =IFERROR(_xlfn.XLOOKUP(Table1[[#This Row],[sales_channel]],Table4[Original],Table4[Clean],,0,1),"Unknown") -> Online | K49: Tablet | L49: =IFERROR(_xlfn.XLOOKUP(Table1[[#This Row],[product]],Table3[Original],Table3[Product_clean],,0,1),"Unknown") -> Tablet | M49: 1 | N49: =IF(ISNUMBER(Table1[[#This Row],[quantity]]),Table1[[#This Row],[quantity]],IFERROR(VLOOKUP(Table1[[#This Row],[quantity]],Table5[#All],2,FALSE),"Unknown")) -> 1 | P49: =IFERROR(VALUE(SUBSTITUTE(SUBSTITUTE(SUBSTITUTE(Table1[[#This Row],[revenue]],"EUR",""),"$",""),".",",")),"") | Q49: USD | R49: =IF(OR(Table1[[#This Row],[currency]]="EUR",Table1[[#This Row],[currency]]="€"),"EUR",IF(OR(Table1[[#This Row],[currency]]="USD",Table1[[#This Row],[currency]]="$"),"USD","Unknown")) -> USD | S49: RETURNED | T49: =IFERROR(_xlfn.XLOOKUP(Table1[[#This Row],[order_status]],Table8[Original],Table8[Clean],,0,1),"Unknown") -> Returned | U49: 1 | V49: =IF(ISNUMBER(Table1[[#This Row],[delivery_days]]),Table1[[#This Row],[delivery_days]],IFERROR(_xlfn.XLOOKUP(Table1[[#This Row],[delivery_days]],Table57[Original],Table57[Clean],,0,1),"Unknown")) -> 1
A50: ORD-1048 | B50: =IF(ISBLANK(Table1[[#This Row],[order_id]]),"",IF(LEFT(Table1[[#This Row],[order_id]],3)="ORD",Table1[[#This Row],[order_id]],"ORD-" & Table1[[#This Row],[order_id]])) -> ORD-1048 | C50: 08/06/2024 | D50: =IFERROR(DATEVALUE(Table1[[#This Row],[order_date]]),"") -> 45451 | E50: Customer 48 | F50: =IF(ISBLANK(Table1[[#This Row],[customer_name]]),"Unknown Customer",PROPER(SUBSTITUTE(Table1[[#This Row],[customer_name]],"Cust.","Customer"))) -> Customer 48 | G50: U.S. | H50: =IFERROR(_xlfn.XLOOKUP(Table1[[#This Row],[region]],Mappings!$C$3:$C$8,Mappings!$D$3:$D$8,,0,1),"Unknown") -> USA | J50: =IFERROR(_xlfn.XLOOKUP(Table1[[#This Row],[sales_channel]],Table4[Original],Table4[Clean],,0,1),"Unknown") -> Unknown | L50: =IFERROR(_xlfn.XLOOKUP(Table1[[#This Row],[product]],Table3[Original],Table3[Product_clean],,0,1),"Unknown") -> Unknown | M50: 2 | N50: =IF(ISNUMBER(Table1[[#This Row],[quantity]]),Table1[[#This Row],[quantity]],IFERROR(VLOOKUP(Table1[[#This Row],[quantity]],Table5[#All],2,FALSE),"Unknown")) -> 2 | P50: =IFERROR(VALUE(SUBSTITUTE(SUBSTITUTE(SUBSTITUTE(Table1[[#This Row],[revenue]],"EUR",""),"$",""),".",",")),"") | Q50: EUR | R50: =IF(OR(Table1[[#This Row],[currency]]="EUR",Table1[[#This Row],[currency]]="€"),"EUR",IF(OR(Table1[[#This Row],[currency]]="USD",Table1[[#This Row],[currency]]="$"),"USD","Unknown")) -> EUR | T50: =IFERROR(_xlfn.XLOOKUP(Table1[[#This Row],[order_status]],Table8[Original],Table8[Clean],,0,1),"Unknown") -> Unknown | U50: 3 | V50: =IF(ISNUMBER(Table1[[#This Row],[delivery_days]]),Table1[[#This Row],[delivery_days]],IFERROR(_xlfn.XLOOKUP(Table1[[#This Row],[delivery_days]],Table57[Original],Table57[Clean],,0,1),"Unknown")) -> 3
A51: ORD-1049 | B51: =IF(ISBLANK(Table1[[#This Row],[order_id]]),"",IF(LEFT(Table1[[#This Row],[order_id]],3)="ORD",Table1[[#This Row],[order_id]],"ORD-" & Table1[[#This Row],[order_id]])) -> ORD-1049 | D51: =IFERROR(DATEVALUE(Table1[[#This Row],[order_date]]),"") | E51: Cust. 49 | F51: =IF(ISBLANK(Table1[[#This Row],[customer_name]]),"Unknown Customer",PROPER(SUBSTITUTE(Table1[[#This Row],[customer_name]],"Cust.","Customer"))) -> Customer 49 | G51: EU | H51: =IFERROR(_xlfn.XLOOKUP(Table1[[#This Row],[region]],Mappings!$C$3:$C$8,Mappings!$D$3:$D$8,,0,1),"Unknown") -> Europe | I51: Web | J51: =IFERROR(_xlfn.XLOOKUP(Table1[[#This Row],[sales_channel]],Table4[Original],Table4[Clean],,0,1),"Unknown") -> Online | K51: TABLET | L51: =IFERROR(_xlfn.XLOOKUP(Table1[[#This Row],[product]],Table3[Original],Table3[Product_clean],,0,1),"Unknown") -> Tablet | M51: 3 | N51: =IF(ISNUMBER(Table1[[#This Row],[quantity]]),Table1[[#This Row],[quantity]],IFERROR(VLOOKUP(Table1[[#This Row],[quantity]],Table5[#All],2,FALSE),"Unknown")) -> 3 | O51: 2952.34 | P51: =IFERROR(VALUE(SUBSTITUTE(SUBSTITUTE(SUBSTITUTE(Table1[[#This Row],[revenue]],"EUR",""),"$",""),".",",")),"") -> 2952.34 | Q51: EUR | R51: =IF(OR(Table1[[#This Row],[currency]]="EUR",Table1[[#This Row],[currency]]="€"),"EUR",IF(OR(Table1[[#This Row],[currency]]="USD",Table1[[#This Row],[currency]]="$"),"USD","Unknown")) -> EUR | S51: returned | T51: =IFERROR(_xlfn.XLOOKUP(Table1[[#This Row],[order_status]],Table8[Original],Table8[Clean],,0,1),"Unknown") -> Returned | U51: 5 | V51: =IF(ISNUMBER(Table1[[#This Row],[delivery_days]]),Table1[[#This Row],[delivery_days]],IFERROR(_xlfn.XLOOKUP(Table1[[#This Row],[delivery_days]],Table57[Original],Table57[Clean],,0,1),"Unknown")) -> 5
B52: =IF(ISBLANK(Table1[[#This Row],[order_id]]),"",IF(LEFT(Table1[[#This Row],[order_id]],3)="ORD",Table1[[#This Row],[order_id]],"ORD-" & Table1[[#This Row],[order_id]])) | C52: 09/08/2024 | D52: =IFERROR(DATEVALUE(Table1[[#This Row],[order_date]]),"") -> 45513 | F52: =IF(ISBLANK(Table1[[#This Row],[customer_name]]),"Unknown Customer",PROPER(SUBSTITUTE(Table1[[#This Row],[customer_name]],"Cust.","Customer"))) -> Unknown Customer | G52: US | H52: =IFERROR(_xlfn.XLOOKUP(Table1[[#This Row],[region]],Mappings!$C$3:$C$8,Mappings!$D$3:$D$8,,0,1),"Unknown") -> USA | J52: =IFERROR(_xlfn.XLOOKUP(Table1[[#This Row],[sales_channel]],Table4[Original],Table4[Clean],,0,1),"Unknown") -> Unknown | K52: Tablet | L52: =IFERROR(_xlfn.XLOOKUP(Table1[[#This Row],[product]],Table3[Original],Table3[Product_clean],,0,1),"Unknown") -> Tablet | M52: 3 | N52: =IF(ISNUMBER(Table1[[#This Row],[quantity]]),Table1[[#This Row],[quantity]],IFERROR(VLOOKUP(Table1[[#This Row],[quantity]],Table5[#All],2,FALSE),"Unknown")) -> 3 | P52: =IFERROR(VALUE(SUBSTITUTE(SUBSTITUTE(SUBSTITUTE(Table1[[#This Row],[revenue]],"EUR",""),"$",""),".",",")),"") | R52: =IF(OR(Table1[[#This Row],[currency]]="EUR",Table1[[#This Row],[currency]]="€"),"EUR",IF(OR(Table1[[#This Row],[currency]]="USD",Table1[[#This Row],[currency]]="$"),"USD","Unknown")) -> Unknown | S52: pending | T52: =IFERROR(_xlfn.XLOOKUP(Table1[[#This Row],[order_status]],Table8[Original],Table8[Clean],,0,1),"Unknown") -> Pending | U52: 5 | V52: =IF(ISNUMBER(Table1[[#This Row],[delivery_days]]),Table1[[#This Row],[delivery_days]],IFERROR(_xlfn.XLOOKUP(Table1[[#This Row],[delivery_days]],Table57[Original],Table57[Clean],,0,1),"Unknown")) -> 5
A53: ORD-1051 | B53: =IF(ISBLANK(Table1[[#This Row],[order_id]]),"",IF(LEFT(Table1[[#This Row],[order_id]],3)="ORD",Table1[[#This Row],[order_id]],"ORD-" & Table1[[#This Row],[order_id]])) -> ORD-1051 | C53: 11/08/2024 | D53: =IFERROR(DATEVALUE(Table1[[#This Row],[order_date]]),"") -> 45515 | E53: Customer 51 | F53: =IF(ISBLANK(Table1[[#This Row],[customer_name]]),"Unknown Customer",PROPER(SUBSTITUTE(Table1[[#This Row],[customer_name]],"Cust.","Customer"))) -> Customer 51 | G53: Asia | H53: =IFERROR(_xlfn.XLOOKUP(Table1[[#This Row],[region]],Mappings!$C$3:$C$8,Mappings!$D$3:$D$8,,0,1),"Unknown") -> Asia | I53: MOBILE | J53: =IFERROR(_xlfn.XLOOKUP(Table1[[#This Row],[sales_channel]],Table4[Original],Table4[Clean],,0,1),"Unknown") -> Mobile | K53: Lapotp | L53: =IFERROR(_xlfn.XLOOKUP(Table1[[#This Row],[product]],Table3[Original],Table3[Product_clean],,0,1),"Unknown") -> Laptop | M53: two | N53: =IF(ISNUMBER(Table1[[#This Row],[quantity]]),Table1[[#This Row],[quantity]],IFERROR(VLOOKUP(Table1[[#This Row],[quantity]],Table5[#All],2,FALSE),"Unknown")) -> 2 | O53: $2485.92 | P53: =IFERROR(VALUE(SUBSTITUTE(SUBSTITUTE(SUBSTITUTE(Table1[[#This Row],[revenue]],"EUR",""),"$",""),".",",")),"") -> 2485.92 | R53: =IF(OR(Table1[[#This Row],[currency]]="EUR",Table1[[#This Row],[currency]]="€"),"EUR",IF(OR(Table1[[#This Row],[currency]]="USD",Table1[[#This Row],[currency]]="$"),"USD","Unknown")) -> Unknown | S53: pending | T53: =IFERROR(_xlfn.XLOOKUP(Table1[[#This Row],[order_status]],Table8[Original],Table8[Clean],,0,1),"Unknown") -> Pending | V53: =IF(ISNUMBER(Table1[[#This Row],[delivery_days]]),Table1[[#This Row],[delivery_days]],IFERROR(_xlfn.XLOOKUP(Table1[[#This Row],[delivery_days]],Table57[Original],Table57[Clean],,0,1),"Unknown")) -> Unknown
A54: 1052 | B54: =IF(ISBLANK(Table1[[#This Row],[order_id]]),"",IF(LEFT(Table1[[#This Row],[order_id]],3)="ORD",Table1[[#This Row],[order_id]],"ORD-" & Table1[[#This Row],[order_id]])) -> ORD-1052 | D54: =IFERROR(DATEVALUE(Table1[[#This Row],[order_date]]),"") | E54: customer 52 | F54: =IF(ISBLANK(Table1[[#This Row],[customer_name]]),"Unknown Customer",PROPER(SUBSTITUTE(Table1[[#This Row],[customer_name]],"Cust.","Customer"))) -> Customer 52 | G54: Asia | H54: =IFERROR(_xlfn.XLOOKUP(Table1[[#This Row],[region]],Mappings!$C$3:$C$8,Mappings!$D$3:$D$8,,0,1),"Unknown") -> Asia | I54: Mobile | J54: =IFERROR(_xlfn.XLOOKUP(Table1[[#This Row],[sales_channel]],Table4[Original],Table4[Clean],,0,1),"Unknown") -> Mobile | K54: Phone | L54: =IFERROR(_xlfn.XLOOKUP(Table1[[#This Row],[product]],Table3[Original],Table3[Product_clean],,0,1),"Unknown") -> Phone | M54: 3 | N54: =IF(ISNUMBER(Table1[[#This Row],[quantity]]),Table1[[#This Row],[quantity]],IFERROR(VLOOKUP(Table1[[#This Row],[quantity]],Table5[#All],2,FALSE),"Unknown")) -> 3 | O54: $134.66 | P54: =IFERROR(VALUE(SUBSTITUTE(SUBSTITUTE(SUBSTITUTE(Table1[[#This Row],[revenue]],"EUR",""),"$",""),".",",")),"") -> 134.66 | R54: =IF(OR(Table1[[#This Row],[currency]]="EUR",Table1[[#This Row],[currency]]="€"),"EUR",IF(OR(Table1[[#This Row],[currency]]="USD",Table1[[#This Row],[currency]]="$"),"USD","Unknown")) -> Unknown | T54: =IFERROR(_xlfn.XLOOKUP(Table1[[#This Row],[order_status]],Table8[Original],Table8[Clean],,0,1),"Unknown") -> Unknown | U54: 3 | V54: =IF(ISNUMBER(Table1[[#This Row],[delivery_days]]),Table1[[#This Row],[delivery_days]],IFERROR(_xlfn.XLOOKUP(Table1[[#This Row],[delivery_days]],Table57[Original],Table57[Clean],,0,1),"Unknown")) -> 3
A55: 1053 | B55: =IF(ISBLANK(Table1[[#This Row],[order_id]]),"",IF(LEFT(Table1[[#This Row],[order_id]],3)="ORD",Table1[[#This Row],[order_id]],"ORD-" & Table1[[#This Row],[order_id]])) -> ORD-1053 | D55: =IFERROR(DATEVALUE(Table1[[#This Row],[order_date]]),"") | F55: =IF(ISBLANK(Table1[[#This Row],[customer_name]]),"Unknown Customer",PROPER(SUBSTITUTE(Table1[[#This Row],[customer_name]],"Cust.","Customer"))) -> Unknown Customer | G55: U.S. | H55: =IFERROR(_xlfn.XLOOKUP(Table1[[#This Row],[region]],Mappings!$C$3:$C$8,Mappings!$D$3:$D$8,,0,1),"Unknown") -> USA | I55: online | J55: =IFERROR(_xlfn.XLOOKUP(Table1[[#This Row],[sales_channel]],Table4[Original],Table4[Clean],,0,1),"Unknown") -> Online | K55: TABLET | L55: =IFERROR(_xlfn.XLOOKUP(Table1[[#This Row],[product]],Table3[Original],Table3[Product_clean],,0,1),"Unknown") -> Tablet | M55: two | N55: =IF(ISNUMBER(Table1[[#This Row],[quantity]]),Table1[[#This Row],[quantity]],IFERROR(VLOOKUP(Table1[[#This Row],[quantity]],Table5[#All],2,FALSE),"Unknown")) -> 2 | O55: 2846.78 | P55: =IFERROR(VALUE(SUBSTITUTE(SUBSTITUTE(SUBSTITUTE(Table1[[#This Row],[revenue]],"EUR",""),"$",""),".",",")),"") -> 2846.78 | Q55: $ | R55: =IF(OR(Table1[[#This Row],[currency]]="EUR",Table1[[#This Row],[currency]]="€"),"EUR",IF(OR(Table1[[#This Row],[currency]]="USD",Table1[[#This Row],[currency]]="$"),"USD","Unknown")) -> USD | S55: returned | T55: =IFERROR(_xlfn.XLOOKUP(Table1[[#This Row],[order_status]],Table8[Original],Table8[Clean],,0,1),"Unknown") -> Returned | U55: 1 | V55: =IF(ISNUMBER(Table1[[#This Row],[delivery_days]]),Table1[[#This Row],[delivery_days]],IFERROR(_xlfn.XLOOKUP(Table1[[#This Row],[delivery_days]],Table57[Original],Table57[Clean],,0,1),"Unknown")) -> 1
A56: ORD-1054 | B56: =IF(ISBLANK(Table1[[#This Row],[order_id]]),"",IF(LEFT(Table1[[#This Row],[order_id]],3)="ORD",Table1[[#This Row],[order_id]],"ORD-" & Table1[[#This Row],[order_id]])) -> ORD-1054 | C56: 05-30-2024 | D56: =IFERROR(DATEVALUE(Table1[[#This Row],[order_date]]),"") | F56: =IF(ISBLANK(Table1[[#This Row],[customer_name]]),"Unknown Customer",PROPER(SUBSTITUTE(Table1[[#This Row],[customer_name]],"Cust.","Customer"))) -> Unknown Customer | G56: U.S. | H56: =IFERROR(_xlfn.XLOOKUP(Table1[[#This Row],[region]],Mappings!$C$3:$C$8,Mappings!$D$3:$D$8,,0,1),"Unknown") -> USA | I56: Web | J56: =IFERROR(_xlfn.XLOOKUP(Table1[[#This Row],[sales_channel]],Table4[Original],Table4[Clean],,0,1),"Unknown") -> Online | K56: Phone | L56: =IFERROR(_xlfn.XLOOKUP(Table1[[#This Row],[product]],Table3[Original],Table3[Product_clean],,0,1),"Unknown") -> Phone | M56: two | N56: =IF(ISNUMBER(Table1[[#This Row],[quantity]]),Table1[[#This Row],[quantity]],IFERROR(VLOOKUP(Table1[[#This Row],[quantity]],Table5[#All],2,FALSE),"Unknown")) -> 2 | O56: 703.71 EUR | P56: =IFERROR(VALUE(SUBSTITUTE(SUBSTITUTE(SUBSTITUTE(Table1[[#This Row],[revenue]],"EUR",""),"$",""),".",",")),"") -> 703.71 | R56: =IF(OR(Table1[[#This Row],[currency]]="EUR",Table1[[#This Row],[currency]]="€"),"EUR",IF(OR(Table1[[#This Row],[currency]]="USD",Table1[[#This Row],[currency]]="$"),"USD","Unknown")) -> Unknown | S56: RETURNED | T56: =IFERROR(_xlfn.XLOOKUP(Table1[[#This Row],[order_status]],Table8[Original],Table8[Clean],,0,1),"Unknown") -> Returned | U56: 3 | V56: =IF(ISNUMBER(Table1[[#This Row],[delivery_days]]),Table1[[#This Row],[delivery_days]],IFERROR(_xlfn.XLOOKUP(Table1[[#This Row],[delivery_days]],Table57[Original],Table57[Clean],,0,1),"Unknown")) -> 3
A57: 1055 | B57: =IF(ISBLANK(Table1[[#This Row],[order_id]]),"",IF(LEFT(Table1[[#This Row],[order_id]],3)="ORD",Table1[[#This Row],[order_id]],"ORD-" & Table1[[#This Row],[order_id]])) -> ORD-1055 | C57: 18/05/2024 | D57: =IFERROR(DATEVALUE(Table1[[#This Row],[order_date]]),"") -> 45430 | E57: Cust. 55 | F57: =IF(ISBLANK(Table1[[#This Row],[customer_name]]),"Unknown Customer",PROPER(SUBSTITUTE(Table1[[#This Row],[customer_name]],"Cust.","Customer"))) -> Customer 55 | G57: EU | H57: =IFERROR(_xlfn.XLOOKUP(Table1[[#This Row],[region]],Mappings!$C$3:$C$8,Mappings!$D$3:$D$8,,0,1),"Unknown") -> Europe | J57: =IFERROR(_xlfn.XLOOKUP(Table1[[#This Row],[sales_channel]],Table4[Original],Table4[Clean],,0,1),"Unknown") -> Unknown | K57: Tablet | L57: =IFERROR(_xlfn.XLOOKUP(Table1[[#This Row],[product]],Table3[Original],Table3[Product_clean],,0,1),"Unknown") -> Tablet | M57: 2 | N57: =IF(ISNUMBER(Table1[[#This Row],[quantity]]),Table1[[#This Row],[quantity]],IFERROR(VLOOKUP(Table1[[#This Row],[quantity]],Table5[#All],2,FALSE),"Unknown")) -> 2 | O57: 954.54 EUR | P57: =IFERROR(VALUE(SUBSTITUTE(SUBSTITUTE(SUBSTITUTE(Table1[[#This Row],[revenue]],"EUR",""),"$",""),".",",")),"") -> 954.54 | Q57: USD | R57: =IF(OR(Table1[[#This Row],[currency]]="EUR",Table1[[#This Row],[currency]]="€"),"EUR",IF(OR(Table1[[#This Row],[currency]]="USD",Table1[[#This Row],[currency]]="$"),"USD","Unknown")) -> USD | S57: Delivered | T57: =IFERROR(_xlfn.XLOOKUP(Table1[[#This Row],[order_status]],Table8[Original],Table8[Clean],,0,1),"Unknown") -> Delivered | V57: =IF(ISNUMBER(Table1[[#This Row],[delivery_days]]),Table1[[#This Row],[delivery_days]],IFERROR(_xlfn.XLOOKUP(Table1[[#This Row],[delivery_days]],Table57[Original],Table57[Clean],,0,1),"Unknown")) -> Unknown
A58: 1056 | B58: =IF(ISBLANK(Table1[[#This Row],[order_id]]),"",IF(LEFT(Table1[[#This Row],[order_id]],3)="ORD",Table1[[#This Row],[order_id]],"ORD-" & Table1[[#This Row],[order_id]])) -> ORD-1056 | C58: 21/05/2024 | D58: =IFERROR(DATEVALUE(Table1[[#This Row],[order_date]]),"") -> 45433 | E58: Cust. 56 | F58: =IF(ISBLANK(Table1[[#This Row],[customer_name]]),"Unknown Customer",PROPER(SUBSTITUTE(Table1[[#This Row],[customer_name]],"Cust.","Customer"))) -> Customer 56 | G58: US | H58: =IFERROR(_xlfn.XLOOKUP(Table1[[#This Row],[region]],Mappings!$C$3:$C$8,Mappings!$D$3:$D$8,,0,1),"Unknown") -> USA | I58: Mobile | J58: =IFERROR(_xlfn.XLOOKUP(Table1[[#This Row],[sales_channel]],Table4[Original],Table4[Clean],,0,1),"Unknown") -> Mobile | K58: Lapotp | L58: =IFERROR(_xlfn.XLOOKUP(Table1[[#This Row],[product]],Table3[Original],Table3[Product_clean],,0,1),"Unknown") -> Laptop | M58: 3 | N58: =IF(ISNUMBER(Table1[[#This Row],[quantity]]),Table1[[#This Row],[quantity]],IFERROR(VLOOKUP(Table1[[#This Row],[quantity]],Table5[#All],2,FALSE),"Unknown")) -> 3 | O58: $2187.53 | P58: =IFERROR(VALUE(SUBSTITUTE(SUBSTITUTE(SUBSTITUTE(Table1[[#This Row],[revenue]],"EUR",""),"$",""),".",",")),"") -> 2187.53 | Q58: EUR | R58: =IF(OR(Table1[[#This Row],[currency]]="EUR",Table1[[#This Row],[currency]]="€"),"EUR",IF(OR(Table1[[#This Row],[currency]]="USD",Table1[[#This Row],[currency]]="$"),"USD","Unknown")) -> EUR | T58: =IFERROR(_xlfn.XLOOKUP(Table1[[#This Row],[order_status]],Table8[Original],Table8[Clean],,0,1),"Unknown") -> Unknown | U58: five | V58: =IF(ISNUMBER(Table1[[#This Row],[delivery_days]]),Table1[[#This Row],[delivery_days]],IFERROR(_xlfn.XLOOKUP(Table1[[#This Row],[delivery_days]],Table57[Original],Table57[Clean],,0,1),"Unknown")) -> 5 | W58: late delivery
B59: =IF(ISBLANK(Table1[[#This Row],[order_id]]),"",IF(LEFT(Table1[[#This Row],[order_id]],3)="ORD",Table1[[#This Row],[order_id]],"ORD-" & Table1[[#This Row],[order_id]])) | C59: 05-20-2024 | D59: =IFERROR(DATEVALUE(Table1[[#This Row],[order_date]]),"") | E59: customer 57 | F59: =IF(ISBLANK(Table1[[#This Row],[customer_name]]),"Unknown Customer",PROPER(SUBSTITUTE(Table1[[#This Row],[customer_name]],"Cust.","Customer"))) -> Customer 57 | H59: =IFERROR(_xlfn.XLOOKUP(Table1[[#This Row],[region]],Mappings!$C$3:$C$8,Mappings!$D$3:$D$8,,0,1),"Unknown") -> Unknown | I59: MOBILE | J59: =IFERROR(_xlfn.XLOOKUP(Table1[[#This Row],[sales_channel]],Table4[Original],Table4[Clean],,0,1),"Unknown") -> Mobile | K59: Laptop | L59: =IFERROR(_xlfn.XLOOKUP(Table1[[#This Row],[product]],Table3[Original],Table3[Product_clean],,0,1),"Unknown") -> Laptop | M59: 1 | N59: =IF(ISNUMBER(Table1[[#This Row],[quantity]]),Table1[[#This Row],[quantity]],IFERROR(VLOOKUP(Table1[[#This Row],[quantity]],Table5[#All],2,FALSE),"Unknown")) -> 1 | O59: 184.27 | P59: =IFERROR(VALUE(SUBSTITUTE(SUBSTITUTE(SUBSTITUTE(Table1[[#This Row],[revenue]],"EUR",""),"$",""),".",",")),"") -> 184.27 | R59: =IF(OR(Table1[[#This Row],[currency]]="EUR",Table1[[#This Row],[currency]]="€"),"EUR",IF(OR(Table1[[#This Row],[currency]]="USD",Table1[[#This Row],[currency]]="$"),"USD","Unknown")) -> Unknown | S59: RETURNED | T59: =IFERROR(_xlfn.XLOOKUP(Table1[[#This Row],[order_status]],Table8[Original],Table8[Clean],,0,1),"Unknown") -> Returned | U59: 5 | V59: =IF(ISNUMBER(Table1[[#This Row],[delivery_days]]),Table1[[#This Row],[delivery_days]],IFERROR(_xlfn.XLOOKUP(Table1[[#This Row],[delivery_days]],Table57[Original],Table57[Clean],,0,1),"Unknown")) -> 5
A60: ORD-1058 | B60: =IF(ISBLANK(Table1[[#This Row],[order_id]]),"",IF(LEFT(Table1[[#This Row],[order_id]],3)="ORD",Table1[[#This Row],[order_id]],"ORD-" & Table1[[#This Row],[order_id]])) -> ORD-1058 | D60: =IFERROR(DATEVALUE(Table1[[#This Row],[order_date]]),"") | E60: Customer 58 | F60: =IF(ISBLANK(Table1[[#This Row],[customer_name]]),"Unknown Customer",PROPER(SUBSTITUTE(Table1[[#This Row],[customer_name]],"Cust.","Customer"))) -> Customer 58 | H60: =IFERROR(_xlfn.XLOOKUP(Table1[[#This Row],[region]],Mappings!$C$3:$C$8,Mappings!$D$3:$D$8,,0,1),"Unknown") -> Unknown | I60: Online | J60: =IFERROR(_xlfn.XLOOKUP(Table1[[#This Row],[sales_channel]],Table4[Original],Table4[Clean],,0,1),"Unknown") -> Online | K60: phone | L60: =IFERROR(_xlfn.XLOOKUP(Table1[[#This Row],[product]],Table3[Original],Table3[Product_clean],,0,1),"Unknown") -> Phone | M60: two | N60: =IF(ISNUMBER(Table1[[#This Row],[quantity]]),Table1[[#This Row],[quantity]],IFERROR(VLOOKUP(Table1[[#This Row],[quantity]],Table5[#All],2,FALSE),"Unknown")) -> 2 | O60: 1055.08 | P60: =IFERROR(VALUE(SUBSTITUTE(SUBSTITUTE(SUBSTITUTE(Table1[[#This Row],[revenue]],"EUR",""),"$",""),".",",")),"") -> 1055.08 | Q60: EUR | R60: =IF(OR(Table1[[#This Row],[currency]]="EUR",Table1[[#This Row],[currency]]="€"),"EUR",IF(OR(Table1[[#This Row],[currency]]="USD",Table1[[#This Row],[currency]]="$"),"USD","Unknown")) -> EUR | S60: pending | T60: =IFERROR(_xlfn.XLOOKUP(Table1[[#This Row],[order_status]],Table8[Original],Table8[Clean],,0,1),"Unknown") -> Pending | V60: =IF(ISNUMBER(Table1[[#This Row],[delivery_days]]),Table1[[#This Row],[delivery_days]],IFERROR(_xlfn.XLOOKUP(Table1[[#This Row],[delivery_days]],Table57[Original],Table57[Clean],,0,1),"Unknown")) -> Unknown
A61: 1059 | B61: =IF(ISBLANK(Table1[[#This Row],[order_id]]),"",IF(LEFT(Table1[[#This Row],[order_id]],3)="ORD",Table1[[#This Row],[order_id]],"ORD-" & Table1[[#This Row],[order_id]])) -> ORD-1059 | C61: 18/03/2024 | D61: =IFERROR(DATEVALUE(Table1[[#This Row],[order_date]]),"") -> 45369 | E61: Customer 59 | F61: =IF(ISBLANK(Table1[[#This Row],[customer_name]]),"Unknown Customer",PROPER(SUBSTITUTE(Table1[[#This Row],[customer_name]],"Cust.","Customer"))) -> Customer 59 | G61: U.S. | H61: =IFERROR(_xlfn.XLOOKUP(Table1[[#This Row],[region]],Mappings!$C$3:$C$8,Mappings!$D$3:$D$8,,0,1),"Unknown") -> USA | I61: MOBILE | J61: =IFERROR(_xlfn.XLOOKUP(Table1[[#This Row],[sales_channel]],Table4[Original],Table4[Clean],,0,1),"Unknown") -> Mobile | K61: Tablet | L61: =IFERROR(_xlfn.XLOOKUP(Table1[[#This Row],[product]],Table3[Original],Table3[Product_clean],,0,1),"Unknown") -> Tablet | N61: =IF(ISNUMBER(Table1[[#This Row],[quantity]]),Table1[[#This Row],[quantity]],IFERROR(VLOOKUP(Table1[[#This Row],[quantity]],Table5[#All],2,FALSE),"Unknown")) -> Unknown | O61: $490.13 | P61: =IFERROR(VALUE(SUBSTITUTE(SUBSTITUTE(SUBSTITUTE(Table1[[#This Row],[revenue]],"EUR",""),"$",""),".",",")),"") -> 490.13 | R61: =IF(OR(Table1[[#This Row],[currency]]="EUR",Table1[[#This Row],[currency]]="€"),"EUR",IF(OR(Table1[[#This Row],[currency]]="USD",Table1[[#This Row],[currency]]="$"),"USD","Unknown")) -> Unknown | S61: Delivered | T61: =IFERROR(_xlfn.XLOOKUP(Table1[[#This Row],[order_status]],Table8[Original],Table8[Clean],,0,1),"Unknown") -> Delivered | U61: five | V61: =IF(ISNUMBER(Table1[[#This Row],[delivery_days]]),Table1[[#This Row],[delivery_days]],IFERROR(_xlfn.XLOOKUP(Table1[[#This Row],[delivery_days]],Table57[Original],Table57[Clean],,0,1),"Unknown")) -> 5
B62: =IF(ISBLANK(Table1[[#This Row],[order_id]]),"",IF(LEFT(Table1[[#This Row],[order_id]],3)="ORD",Table1[[#This Row],[order_id]],"ORD-" & Table1[[#This Row],[order_id]])) | D62: =IFERROR(DATEVALUE(Table1[[#This Row],[order_date]]),"") | E62: Cust. 60 | F62: =IF(ISBLANK(Table1[[#This Row],[customer_name]]),"Unknown Customer",PROPER(SUBSTITUTE(Table1[[#This Row],[customer_name]],"Cust.","Customer"))) -> Customer 60 | G62: U.S. | H62: =IFERROR(_xlfn.XLOOKUP(Table1[[#This Row],[region]],Mappings!$C$3:$C$8,Mappings!$D$3:$D$8,,0,1),"Unknown") -> USA | I62: Web | J62: =IFERROR(_xlfn.XLOOKUP(Table1[[#This Row],[sales_channel]],Table4[Original],Table4[Clean],,0,1),"Unknown") -> Online | K62: Laptop | L62: =IFERROR(_xlfn.XLOOKUP(Table1[[#This Row],[product]],Table3[Original],Table3[Product_clean],,0,1),"Unknown") -> Laptop | N62: =IF(ISNUMBER(Table1[[#This Row],[quantity]]),Table1[[#This Row],[quantity]],IFERROR(VLOOKUP(Table1[[#This Row],[quantity]],Table5[#All],2,FALSE),"Unknown")) -> Unknown | O62: $2730.09 | P62: =IFERROR(VALUE(SUBSTITUTE(SUBSTITUTE(SUBSTITUTE(Table1[[#This Row],[revenue]],"EUR",""),"$",""),".",",")),"") -> 2730.09 | Q62: EUR | R62: =IF(OR(Table1[[#This Row],[currency]]="EUR",Table1[[#This Row],[currency]]="€"),"EUR",IF(OR(Table1[[#This Row],[currency]]="USD",Table1[[#This Row],[currency]]="$"),"USD","Unknown")) -> EUR | S62: Delivered | T62: =IFERROR(_xlfn.XLOOKUP(Table1[[#This Row],[order_status]],Table8[Original],Table8[Clean],,0,1),"Unknown") -> Delivered | V62: =IF(ISNUMBER(Table1[[#This Row],[delivery_days]]),Table1[[#This Row],[delivery_days]],IFERROR(_xlfn.XLOOKUP(Table1[[#This Row],[delivery_days]],Table57[Original],Table57[Clean],,0,1),"Unknown")) -> Unknown | W62: late delivery
A63: 1061 | B63: =IF(ISBLANK(Table1[[#This Row],[order_id]]),"",IF(LEFT(Table1[[#This Row],[order_id]],3)="ORD",Table1[[#This Row],[order_id]],"ORD-" & Table1[[#This Row],[order_id]])) -> ORD-1061 | C63: 15/05/2024 | D63: =IFERROR(DATEVALUE(Table1[[#This Row],[order_date]]),"") -> 45427 | E63: Customer 61 | F63: =IF(ISBLANK(Table1[[#This Row],[customer_name]]),"Unknown Customer",PROPER(SUBSTITUTE(Table1[[#This Row],[customer_name]],"Cust.","Customer"))) -> Customer 61 | G63: US | H63: =IFERROR(_xlfn.XLOOKUP(Table1[[#This Row],[region]],Mappings!$C$3:$C$8,Mappings!$D$3:$D$8,,0,1),"Unknown") -> USA | I63: Online | J63: =IFERROR(_xlfn.XLOOKUP(Table1[[#This Row],[sales_channel]],Table4[Original],Table4[Clean],,0,1),"Unknown") -> Online | K63: phone | L63: =IFERROR(_xlfn.XLOOKUP(Table1[[#This Row],[product]],Table3[Original],Table3[Product_clean],,0,1),"Unknown") -> Phone | M63: two | N63: =IF(ISNUMBER(Table1[[#This Row],[quantity]]),Table1[[#This Row],[quantity]],IFERROR(VLOOKUP(Table1[[#This Row],[quantity]],Table5[#All],2,FALSE),"Unknown")) -> 2 | O63: 1998.26 EUR | P63: =IFERROR(VALUE(SUBSTITUTE(SUBSTITUTE(SUBSTITUTE(Table1[[#This Row],[revenue]],"EUR",""),"$",""),".",",")),"") -> 1998.26 | R63: =IF(OR(Table1[[#This Row],[currency]]="EUR",Table1[[#This Row],[currency]]="€"),"EUR",IF(OR(Table1[[#This Row],[currency]]="USD",Table1[[#This Row],[currency]]="$"),"USD","Unknown")) -> Unknown | S63: returned | T63: =IFERROR(_xlfn.XLOOKUP(Table1[[#This Row],[order_status]],Table8[Original],Table8[Clean],,0,1),"Unknown") -> Returned | U63: 3 | V63: =IF(ISNUMBER(Table1[[#This Row],[delivery_days]]),Table1[[#This Row],[delivery_days]],IFERROR(_xlfn.XLOOKUP(Table1[[#This Row],[delivery_days]],Table57[Original],Table57[Clean],,0,1),"Unknown")) -> 3
B64: =IF(ISBLANK(Table1[[#This Row],[order_id]]),"",IF(LEFT(Table1[[#This Row],[order_id]],3)="ORD",Table1[[#This Row],[order_id]],"ORD-" & Table1[[#This Row],[order_id]])) | D64: =IFERROR(DATEVALUE(Table1[[#This Row],[order_date]]),"") | E64: Customer 62 | F64: =IF(ISBLANK(Table1[[#This Row],[customer_name]]),"Unknown Customer",PROPER(SUBSTITUTE(Table1[[#This Row],[customer_name]],"Cust.","Customer"))) -> Customer 62 | H64: =IFERROR(_xlfn.XLOOKUP(Table1[[#This Row],[region]],Mappings!$C$3:$C$8,Mappings!$D$3:$D$8,,0,1),"Unknown") -> Unknown | I64: online | J64: =IFERROR(_xlfn.XLOOKUP(Table1[[#This Row],[sales_channel]],Table4[Original],Table4[Clean],,0,1),"Unknown") -> Online | K64: Phone | L64: =IFERROR(_xlfn.XLOOKUP(Table1[[#This Row],[product]],Table3[Original],Table3[Product_clean],,0,1),"Unknown") -> Phone | N64: =IF(ISNUMBER(Table1[[#This Row],[quantity]]),Table1[[#This Row],[quantity]],IFERROR(VLOOKUP(Table1[[#This Row],[quantity]],Table5[#All],2,FALSE),"Unknown")) -> Unknown | O64: $899.91 | P64: =IFERROR(VALUE(SUBSTITUTE(SUBSTITUTE(SUBSTITUTE(Table1[[#This Row],[revenue]],"EUR",""),"$",""),".",",")),"") -> 899.91 | Q64: USD | R64: =IF(OR(Table1[[#This Row],[currency]]="EUR",Table1[[#This Row],[currency]]="€"),"EUR",IF(OR(Table1[[#This Row],[currency]]="USD",Table1[[#This Row],[currency]]="$"),"USD","Unknown")) -> USD | S64: returned | T64: =IFERROR(_xlfn.XLOOKUP(Table1[[#This Row],[order_status]],Table8[Original],Table8[Clean],,0,1),"Unknown") -> Returned | U64: 1 | V64: =IF(ISNUMBER(Table1[[#This Row],[delivery_days]]),Table1[[#This Row],[delivery_days]],IFERROR(_xlfn.XLOOKUP(Table1[[#This Row],[delivery_days]],Table57[Original],Table57[Clean],,0,1),"Unknown")) -> 1 | W64: late delivery
A65: 1063 | B65: =IF(ISBLANK(Table1[[#This Row],[order_id]]),"",IF(LEFT(Table1[[#This Row],[order_id]],3)="ORD",Table1[[#This Row],[order_id]],"ORD-" & Table1[[#This Row],[order_id]])) -> ORD-1063 | C65: 2024-11-27 | D65: =IFERROR(DATEVALUE(Table1[[#This Row],[order_date]]),"") -> 45623 | E65: Customer 63 | F65: =IF(ISBLANK(Table1[[#This Row],[customer_name]]),"Unknown Customer",PROPER(SUBSTITUTE(Table1[[#This Row],[customer_name]],"Cust.","Customer"))) -> Customer 63 | G65: US | H65: =IFERROR(_xlfn.XLOOKUP(Table1[[#This Row],[region]],Mappings!$C$3:$C$8,Mappings!$D$3:$D$8,,0,1),"Unknown") -> USA | I65: Mobile | J65: =IFERROR(_xlfn.XLOOKUP(Table1[[#This Row],[sales_channel]],Table4[Original],Table4[Clean],,0,1),"Unknown") -> Mobile | K65: Tablet | L65: =IFERROR(_xlfn.XLOOKUP(Table1[[#This Row],[product]],Table3[Original],Table3[Product_clean],,0,1),"Unknown") -> Tablet | N65: =IF(ISNUMBER(Table1[[#This Row],[quantity]]),Table1[[#This Row],[quantity]],IFERROR(VLOOKUP(Table1[[#This Row],[quantity]],Table5[#All],2,FALSE),"Unknown")) -> Unknown | O65: $489.52 | P65: =IFERROR(VALUE(SUBSTITUTE(SUBSTITUTE(SUBSTITUTE(Table1[[#This Row],[revenue]],"EUR",""),"$",""),".",",")),"") -> 489.52 | Q65: € | R65: =IF(OR(Table1[[#This Row],[currency]]="EUR",Table1[[#This Row],[currency]]="€"),"EUR",IF(OR(Table1[[#This Row],[currency]]="USD",Table1[[#This Row],[currency]]="$"),"USD","Unknown")) -> EUR | S65: returned | T65: =IFERROR(_xlfn.XLOOKUP(Table1[[#This Row],[order_status]],Table8[Original],Table8[Clean],,0,1),"Unknown") -> Returned | U65: 1 | V65: =IF(ISNUMBER(Table1[[#This Row],[delivery_days]]),Table1[[#This Row],[delivery_days]],IFERROR(_xlfn.XLOOKUP(Table1[[#This Row],[delivery_days]],Table57[Original],Table57[Clean],,0,1),"Unknown")) -> 1
A66: ORD-1064 | B66: =IF(ISBLANK(Table1[[#This Row],[order_id]]),"",IF(LEFT(Table1[[#This Row],[order_id]],3)="ORD",Table1[[#This Row],[order_id]],"ORD-" & Table1[[#This Row],[order_id]])) -> ORD-1064 | D66: =IFERROR(DATEVALUE(Table1[[#This Row],[order_date]]),"") | F66: =IF(ISBLANK(Table1[[#This Row],[customer_name]]),"Unknown Customer",PROPER(SUBSTITUTE(Table1[[#This Row],[customer_name]],"Cust.","Customer"))) -> Unknown Customer | G66: EU | H66: =IFERROR(_xlfn.XLOOKUP(Table1[[#This Row],[region]],Mappings!$C$3:$C$8,Mappings!$D$3:$D$8,,0,1),"Unknown") -> Europe | I66: Web | J66: =IFERROR(_xlfn.XLOOKUP(Table1[[#This Row],[sales_channel]],Table4[Original],Table4[Clean],,0,1),"Unknown") -> Online | K66: Laptop | L66: =IFERROR(_xlfn.XLOOKUP(Table1[[#This Row],[product]],Table3[Original],Table3[Product_clean],,0,1),"Unknown") -> Laptop | M66: two | N66: =IF(ISNUMBER(Table1[[#This Row],[quantity]]),Table1[[#This Row],[quantity]],IFERROR(VLOOKUP(Table1[[#This Row],[quantity]],Table5[#All],2,FALSE),"Unknown")) -> 2 | P66: =IFERROR(VALUE(SUBSTITUTE(SUBSTITUTE(SUBSTITUTE(Table1[[#This Row],[revenue]],"EUR",""),"$",""),".",",")),"") | Q66: € | R66: =IF(OR(Table1[[#This Row],[currency]]="EUR",Table1[[#This Row],[currency]]="€"),"EUR",IF(OR(Table1[[#This Row],[currency]]="USD",Table1[[#This Row],[currency]]="$"),"USD","Unknown")) -> EUR | S66: pending | T66: =IFERROR(_xlfn.XLOOKUP(Table1[[#This Row],[order_status]],Table8[Original],Table8[Clean],,0,1),"Unknown") -> Pending | U66: 3 | V66: =IF(ISNUMBER(Table1[[#This Row],[delivery_days]]),Table1[[#This Row],[delivery_days]],IFERROR(_xlfn.XLOOKUP(Table1[[#This Row],[delivery_days]],Table57[Original],Table57[Clean],,0,1),"Unknown")) -> 3
B67: =IF(ISBLANK(Table1[[#This Row],[order_id]]),"",IF(LEFT(Table1[[#This Row],[order_id]],3)="ORD",Table1[[#This Row],[order_id]],"ORD-" & Table1[[#This Row],[order_id]])) | C67: 02-16-2024 | D67: =IFERROR(DATEVALUE(Table1[[#This Row],[order_date]]),"") | E67: Customer 65 | F67: =IF(ISBLANK(Table1[[#This Row],[customer_name]]),"Unknown Customer",PROPER(SUBSTITUTE(Table1[[#This Row],[customer_name]],"Cust.","Customer"))) -> Customer 65 | H67: =IFERROR(_xlfn.XLOOKUP(Table1[[#This Row],[region]],Mappings!$C$3:$C$8,Mappings!$D$3:$D$8,,0,1),"Unknown") -> Unknown | I67: online | J67: =IFERROR(_xlfn.XLOOKUP(Table1[[#This Row],[sales_channel]],Table4[Original],Table4[Clean],,0,1),"Unknown") -> Online | K67: phone | L67: =IFERROR(_xlfn.XLOOKUP(Table1[[#This Row],[product]],Table3[Original],Table3[Product_clean],,0,1),"Unknown") -> Phone | N67: =IF(ISNUMBER(Table1[[#This Row],[quantity]]),Table1[[#This Row],[quantity]],IFERROR(VLOOKUP(Table1[[#This Row],[quantity]],Table5[#All],2,FALSE),"Unknown")) -> Unknown | O67: 725.33 | P67: =IFERROR(VALUE(SUBSTITUTE(SUBSTITUTE(SUBSTITUTE(Table1[[#This Row],[revenue]],"EUR",""),"$",""),".",",")),"") -> 725.33 | Q67: $ | R67: =IF(OR(Table1[[#This Row],[currency]]="EUR",Table1[[#This Row],[currency]]="€"),"EUR",IF(OR(Table1[[#This Row],[currency]]="USD",Table1[[#This Row],[currency]]="$"),"USD","Unknown")) -> USD | S67: RETURNED | T67: =IFERROR(_xlfn.XLOOKUP(Table1[[#This Row],[order_status]],Table8[Original],Table8[Clean],,0,1),"Unknown") -> Returned | U67: 2 | V67: =IF(ISNUMBER(Table1[[#This Row],[delivery_days]]),Table1[[#This Row],[delivery_days]],IFERROR(_xlfn.XLOOKUP(Table1[[#This Row],[delivery_days]],Table57[Original],Table57[Clean],,0,1),"Unknown")) -> 2
A68: ORD-1066 | B68: =IF(ISBLANK(Table1[[#This Row],[order_id]]),"",IF(LEFT(Table1[[#This Row],[order_id]],3)="ORD",Table1[[#This Row],[order_id]],"ORD-" & Table1[[#This Row],[order_id]])) -> ORD-1066 | C68: 11-21-2024 | D68: =IFERROR(DATEVALUE(Table1[[#This Row],[order_date]]),"") | F68: =IF(ISBLANK(Table1[[#This Row],[customer_name]]),"Unknown Customer",PROPER(SUBSTITUTE(Table1[[#This Row],[customer_name]],"Cust.","Customer"))) -> Unknown Customer | G68: Asia | H68: =IFERROR(_xlfn.XLOOKUP(Table1[[#This Row],[region]],Mappings!$C$3:$C$8,Mappings!$D$3:$D$8,,0,1),"Unknown") -> Asia | I68: Mobile | J68: =IFERROR(_xlfn.XLOOKUP(Table1[[#This Row],[sales_channel]],Table4[Original],Table4[Clean],,0,1),"Unknown") -> Mobile | K68: TABLET | L68: =IFERROR(_xlfn.XLOOKUP(Table1[[#This Row],[product]],Table3[Original],Table3[Product_clean],,0,1),"Unknown") -> Tablet | M68: 1 | N68: =IF(ISNUMBER(Table1[[#This Row],[quantity]]),Table1[[#This Row],[quantity]],IFERROR(VLOOKUP(Table1[[#This Row],[quantity]],Table5[#All],2,FALSE),"Unknown")) -> 1 | O68: 2452.02 | P68: =IFERROR(VALUE(SUBSTITUTE(SUBSTITUTE(SUBSTITUTE(Table1[[#This Row],[revenue]],"EUR",""),"$",""),".",",")),"") -> 2452.02 | Q68: USD | R68: =IF(OR(Table1[[#This Row],[currency]]="EUR",Table1[[#This Row],[currency]]="€"),"EUR",IF(OR(Table1[[#This Row],[currency]]="USD",Table1[[#This Row],[currency]]="$"),"USD","Unknown")) -> USD | S68: RETURNED | T68: =IFERROR(_xlfn.XLOOKUP(Table1[[#This Row],[order_status]],Table8[Original],Table8[Clean],,0,1),"Unknown") -> Returned | U68: 5 | V68: =IF(ISNUMBER(Table1[[#This Row],[delivery_days]]),Table1[[#This Row],[delivery_days]],IFERROR(_xlfn.XLOOKUP(Table1[[#This Row],[delivery_days]],Table57[Original],Table57[Clean],,0,1),"Unknown")) -> 5
B69: =IF(ISBLANK(Table1[[#This Row],[order_id]]),"",IF(LEFT(Table1[[#This Row],[order_id]],3)="ORD",Table1[[#This Row],[order_id]],"ORD-" & Table1[[#This Row],[order_id]])) | C69: 2024-05-27 | D69: =IFERROR(DATEVALUE(Table1[[#This Row],[order_date]]),"") -> 45439 | F69: =IF(ISBLANK(Table1[[#This Row],[customer_name]]),"Unknown Customer",PROPER(SUBSTITUTE(Table1[[#This Row],[customer_name]],"Cust.","Customer"))) -> Unknown Customer | G69: EU | H69: =IFERROR(_xlfn.XLOOKUP(Table1[[#This Row],[region]],Mappings!$C$3:$C$8,Mappings!$D$3:$D$8,,0,1),"Unknown") -> Europe | I69: Mobile | J69: =IFERROR(_xlfn.XLOOKUP(Table1[[#This Row],[sales_channel]],Table4[Original],Table4[Clean],,0,1),"Unknown") -> Mobile | K69: Phone | L69: =IFERROR(_xlfn.XLOOKUP(Table1[[#This Row],[product]],Table3[Original],Table3[Product_clean],,0,1),"Unknown") -> Phone | M69: 3 | N69: =IF(ISNUMBER(Table1[[#This Row],[quantity]]),Table1[[#This Row],[quantity]],IFERROR(VLOOKUP(Table1[[#This Row],[quantity]],Table5[#All],2,FALSE),"Unknown")) -> 3 | P69: =IFERROR(VALUE(SUBSTITUTE(SUBSTITUTE(SUBSTITUTE(Table1[[#This Row],[revenue]],"EUR",""),"$",""),".",",")),"") | Q69: EUR | R69: =IF(OR(Table1[[#This Row],[currency]]="EUR",Table1[[#This Row],[currency]]="€"),"EUR",IF(OR(Table1[[#This Row],[currency]]="USD",Table1[[#This Row],[currency]]="$"),"USD","Unknown")) -> EUR | S69: returned | T69: =IFERROR(_xlfn.XLOOKUP(Table1[[#This Row],[order_status]],Table8[Original],Table8[Clean],,0,1),"Unknown") -> Returned | U69: five | V69: =IF(ISNUMBER(Table1[[#This Row],[delivery_days]]),Table1[[#This Row],[delivery_days]],IFERROR(_xlfn.XLOOKUP(Table1[[#This Row],[delivery_days]],Table57[Original],Table57[Clean],,0,1),"Unknown")) -> 5
A70: ORD-1068 | B70: =IF(ISBLANK(Table1[[#This Row],[order_id]]),"",IF(LEFT(Table1[[#This Row],[order_id]],3)="ORD",Table1[[#This Row],[order_id]],"ORD-" & Table1[[#This Row],[order_id]])) -> ORD-1068 | C70: 2024-12-02 | D70: =IFERROR(DATEVALUE(Table1[[#This Row],[order_date]]),"") -> 45628 | E70: customer 68 | F70: =IF(ISBLANK(Table1[[#This Row],[customer_name]]),"Unknown Customer",PROPER(SUBSTITUTE(Table1[[#This Row],[customer_name]],"Cust.","Customer"))) -> Customer 68 | G70: U.S. | H70: =IFERROR(_xlfn.XLOOKUP(Table1[[#This Row],[region]],Mappings!$C$3:$C$8,Mappings!$D$3:$D$8,,0,1),"Unknown") -> USA | I70: Mobile | J70: =IFERROR(_xlfn.XLOOKUP(Table1[[#This Row],[sales_channel]],Table4[Original],Table4[Clean],,0,1),"Unknown") -> Mobile | K70: Tablet | L70: =IFERROR(_xlfn.XLOOKUP(Table1[[#This Row],[product]],Table3[Original],Table3[Product_clean],,0,1),"Unknown") -> Tablet | M70: two | N70: =IF(ISNUMBER(Table1[[#This Row],[quantity]]),Table1[[#This Row],[quantity]],IFERROR(VLOOKUP(Table1[[#This Row],[quantity]],Table5[#All],2,FALSE),"Unknown")) -> 2 | P70: =IFERROR(VALUE(SUBSTITUTE(SUBSTITUTE(SUBSTITUTE(Table1[[#This Row],[revenue]],"EUR",""),"$",""),".",",")),"") | Q70: $ | R70: =IF(OR(Table1[[#This Row],[currency]]="EUR",Table1[[#This Row],[currency]]="€"),"EUR",IF(OR(Table1[[#This Row],[currency]]="USD",Table1[[#This Row],[currency]]="$"),"USD","Unknown")) -> USD | S70: delivered | T70: =IFERROR(_xlfn.XLOOKUP(Table1[[#This Row],[order_status]],Table8[Original],Table8[Clean],,0,1),"Unknown") -> Delivered | U70: 2 | V70: =IF(ISNUMBER(Table1[[#This Row],[delivery_days]]),Table1[[#This Row],[delivery_days]],IFERROR(_xlfn.XLOOKUP(Table1[[#This Row],[delivery_days]],Table57[Original],Table57[Clean],,0,1),"Unknown")) -> 2 | W70: VIP
A71: ORD-1069 | B71: =IF(ISBLANK(Table1[[#This Row],[order_id]]),"",IF(LEFT(Table1[[#This Row],[order_id]],3)="ORD",Table1[[#This Row],[order_id]],"ORD-" & Table1[[#This Row],[order_id]])) -> ORD-1069 | D71: =IFERROR(DATEVALUE(Table1[[#This Row],[order_date]]),"") | E71: Customer 69 | F71: =IF(ISBLANK(Table1[[#This Row],[customer_name]]),"Unknown Customer",PROPER(SUBSTITUTE(Table1[[#This Row],[customer_name]],"Cust.","Customer"))) -> Customer 69 | G71: EU | H71: =IFERROR(_xlfn.XLOOKUP(Table1[[#This Row],[region]],Mappings!$C$3:$C$8,Mappings!$D$3:$D$8,,0,1),"Unknown") -> Europe | J71: =IFERROR(_xlfn.XLOOKUP(Table1[[#This Row],[sales_channel]],Table4[Original],Table4[Clean],,0,1),"Unknown") -> Unknown | K71: Tablet | L71: =IFERROR(_xlfn.XLOOKUP(Table1[[#This Row],[product]],Table3[Original],Table3[Product_clean],,0,1),"Unknown") -> Tablet | M71: 2 | N71: =IF(ISNUMBER(Table1[[#This Row],[quantity]]),Table1[[#This Row],[quantity]],IFERROR(VLOOKUP(Table1[[#This Row],[quantity]],Table5[#All],2,FALSE),"Unknown")) -> 2 | O71: $436.49 | P71: =IFERROR(VALUE(SUBSTITUTE(SUBSTITUTE(SUBSTITUTE(Table1[[#This Row],[revenue]],"EUR",""),"$",""),".",",")),"") -> 436.49 | Q71: USD | R71: =IF(OR(Table1[[#This Row],[currency]]="EUR",Table1[[#This Row],[currency]]="€"),"EUR",IF(OR(Table1[[#This Row],[currency]]="USD",Table1[[#This Row],[currency]]="$"),"USD","Unknown")) -> USD | S71: RETURNED | T71: =IFERROR(_xlfn.XLOOKUP(Table1[[#This Row],[order_status]],Table8[Original],Table8[Clean],,0,1),"Unknown") -> Returned | U71: five | V71: =IF(ISNUMBER(Table1[[#This Row],[delivery_days]]),Table1[[#This Row],[delivery_days]],IFERROR(_xlfn.XLOOKUP(Table1[[#This Row],[delivery_days]],Table57[Original],Table57[Clean],,0,1),"Unknown")) -> 5
A72: 1070 | B72: =IF(ISBLANK(Table1[[#This Row],[order_id]]),"",IF(LEFT(Table1[[#This Row],[order_id]],3)="ORD",Table1[[#This Row],[order_id]],"ORD-" & Table1[[#This Row],[order_id]])) -> ORD-1070 | D72: =IFERROR(DATEVALUE(Table1[[#This Row],[order_date]]),"") | E72: Customer 70 | F72: =IF(ISBLANK(Table1[[#This Row],[customer_name]]),"Unknown Customer",PROPER(SUBSTITUTE(Table1[[#This Row],[customer_name]],"Cust.","Customer"))) -> Customer 70 | H72: =IFERROR(_xlfn.XLOOKUP(Table1[[#This Row],[region]],Mappings!$C$3:$C$8,Mappings!$D$3:$D$8,,0,1),"Unknown") -> Unknown | I72: online | J72: =IFERROR(_xlfn.XLOOKUP(Table1[[#This Row],[sales_channel]],Table4[Original],Table4[Clean],,0,1),"Unknown") -> Online | K72: phone | L72: =IFERROR(_xlfn.XLOOKUP(Table1[[#This Row],[product]],Table3[Original],Table3[Product_clean],,0,1),"Unknown") -> Phone | M72: 3 | N72: =IF(ISNUMBER(Table1[[#This Row],[quantity]]),Table1[[#This Row],[quantity]],IFERROR(VLOOKUP(Table1[[#This Row],[quantity]],Table5[#All],2,FALSE),"Unknown")) -> 3 | O72: 1253.57 EUR | P72: =IFERROR(VALUE(SUBSTITUTE(SUBSTITUTE(SUBSTITUTE(Table1[[#This Row],[revenue]],"EUR",""),"$",""),".",",")),"") -> 1253.57 | R72: =IF(OR(Table1[[#This Row],[currency]]="EUR",Table1[[#This Row],[currency]]="€"),"EUR",IF(OR(Table1[[#This Row],[currency]]="USD",Table1[[#This Row],[currency]]="$"),"USD","Unknown")) -> Unknown | T72: =IFERROR(_xlfn.XLOOKUP(Table1[[#This Row],[order_status]],Table8[Original],Table8[Clean],,0,1),"Unknown") -> Unknown | U72: 3 | V72: =IF(ISNUMBER(Table1[[#This Row],[delivery_days]]),Table1[[#This Row],[delivery_days]],IFERROR(_xlfn.XLOOKUP(Table1[[#This Row],[delivery_days]],Table57[Original],Table57[Clean],,0,1),"Unknown")) -> 3
A73: ORD-1071 | B73: =IF(ISBLANK(Table1[[#This Row],[order_id]]),"",IF(LEFT(Table1[[#This Row],[order_id]],3)="ORD",Table1[[#This Row],[order_id]],"ORD-" & Table1[[#This Row],[order_id]])) -> ORD-1071 | C73: 04/09/2024 | D73: =IFERROR(DATEVALUE(Table1[[#This Row],[order_date]]),"") -> 45539 | F73: =IF(ISBLANK(Table1[[#This Row],[customer_name]]),"Unknown Customer",PROPER(SUBSTITUTE(Table1[[#This Row],[customer_name]],"Cust.","Customer"))) -> Unknown Customer | G73: US | H73: =IFERROR(_xlfn.XLOOKUP(Table1[[#This Row],[region]],Mappings!$C$3:$C$8,Mappings!$D$3:$D$8,,0,1),"Unknown") -> USA | I73: Web | J73: =IFERROR(_xlfn.XLOOKUP(Table1[[#This Row],[sales_channel]],Table4[Original],Table4[Clean],,0,1),"Unknown") -> Online | K73: Tablet | L73: =IFERROR(_xlfn.XLOOKUP(Table1[[#This Row],[product]],Table3[Original],Table3[Product_clean],,0,1),"Unknown") -> Tablet | M73: 2 | N73: =IF(ISNUMBER(Table1[[#This Row],[quantity]]),Table1[[#This Row],[quantity]],IFERROR(VLOOKUP(Table1[[#This Row],[quantity]],Table5[#All],2,FALSE),"Unknown")) -> 2 | O73: 2941.72 EUR | P73: =IFERROR(VALUE(SUBSTITUTE(SUBSTITUTE(SUBSTITUTE(Table1[[#This Row],[revenue]],"EUR",""),"$",""),".",",")),"") -> 2941.72 | Q73: EUR | R73: =IF(OR(Table1[[#This Row],[currency]]="EUR",Table1[[#This Row],[currency]]="€"),"EUR",IF(OR(Table1[[#This Row],[currency]]="USD",Table1[[#This Row],[currency]]="$"),"USD","Unknown")) -> EUR | S73: RETURNED | T73: =IFERROR(_xlfn.XLOOKUP(Table1[[#This Row],[order_status]],Table8[Original],Table8[Clean],,0,1),"Unknown") -> Returned | U73: 5 | V73: =IF(ISNUMBER(Table1[[#This Row],[delivery_days]]),Table1[[#This Row],[delivery_days]],IFERROR(_xlfn.XLOOKUP(Table1[[#This Row],[delivery_days]],Table57[Original],Table57[Clean],,0,1),"Unknown")) -> 5 | W73: VIP
A74: ORD-1072 | B74: =IF(ISBLANK(Table1[[#This Row],[order_id]]),"",IF(LEFT(Table1[[#This Row],[order_id]],3)="ORD",Table1[[#This Row],[order_id]],"ORD-" & Table1[[#This Row],[order_id]])) -> ORD-1072 | C74: 02-07-2025 | D74: =IFERROR(DATEVALUE(Table1[[#This Row],[order_date]]),"") -> 45840 | F74: =IF(ISBLANK(Table1[[#This Row],[customer_name]]),"Unknown Customer",PROPER(SUBSTITUTE(Table1[[#This Row],[customer_name]],"Cust.","Customer"))) -> Unknown Customer | H74: =IFERROR(_xlfn.XLOOKUP(Table1[[#This Row],[region]],Mappings!$C$3:$C$8,Mappings!$D$3:$D$8,,0,1),"Unknown") -> Unknown | I74: online | J74: =IFERROR(_xlfn.XLOOKUP(Table1[[#This Row],[sales_channel]],Table4[Original],Table4[Clean],,0,1),"Unknown") -> Online | K74: phone | L74: =IFERROR(_xlfn.XLOOKUP(Table1[[#This Row],[product]],Table3[Original],Table3[Product_clean],,0,1),"Unknown") -> Phone | N74: =IF(ISNUMBER(Table1[[#This Row],[quantity]]),Table1[[#This Row],[quantity]],IFERROR(VLOOKUP(Table1[[#This Row],[quantity]],Table5[#All],2,FALSE),"Unknown")) -> Unknown | O74: 1547.83 | P74: =IFERROR(VALUE(SUBSTITUTE(SUBSTITUTE(SUBSTITUTE(Table1[[#This Row],[revenue]],"EUR",""),"$",""),".",",")),"") -> 1547.83 | Q74: $ | R74: =IF(OR(Table1[[#This Row],[currency]]="EUR",Table1[[#This Row],[currency]]="€"),"EUR",IF(OR(Table1[[#This Row],[currency]]="USD",Table1[[#This Row],[currency]]="$"),"USD","Unknown")) -> USD | S74: RETURNED | T74: =IFERROR(_xlfn.XLOOKUP(Table1[[#This Row],[order_status]],Table8[Original],Table8[Clean],,0,1),"Unknown") -> Returned | U74: 3 | V74: =IF(ISNUMBER(Table1[[#This Row],[delivery_days]]),Table1[[#This Row],[delivery_days]],IFERROR(_xlfn.XLOOKUP(Table1[[#This Row],[delivery_days]],Table57[Original],Table57[Clean],,0,1),"Unknown")) -> 3
B75: =IF(ISBLANK(Table1[[#This Row],[order_id]]),"",IF(LEFT(Table1[[#This Row],[order_id]],3)="ORD",Table1[[#This Row],[order_id]],"ORD-" & Table1[[#This Row],[order_id]])) | C75: 21/08/2024 | D75: =IFERROR(DATEVALUE(Table1[[#This Row],[order_date]]),"") -> 45525 | F75: =IF(ISBLANK(Table1[[#This Row],[customer_name]]),"Unknown Customer",PROPER(SUBSTITUTE(Table1[[#This Row],[customer_name]],"Cust.","Customer"))) -> Unknown Customer | G75: US | H75: =IFERROR(_xlfn.XLOOKUP(Table1[[#This Row],[region]],Mappings!$C$3:$C$8,Mappings!$D$3:$D$8,,0,1),"Unknown") -> USA | I75: MOBILE | J75: =IFERROR(_xlfn.XLOOKUP(Table1[[#This Row],[sales_channel]],Table4[Original],Table4[Clean],,0,1),"Unknown") -> Mobile | K75: Laptop | L75: =IFERROR(_xlfn.XLOOKUP(Table1[[#This Row],[product]],Table3[Original],Table3[Product_clean],,0,1),"Unknown") -> Laptop | M75: 3 | N75: =IF(ISNUMBER(Table1[[#This Row],[quantity]]),Table1[[#This Row],[quantity]],IFERROR(VLOOKUP(Table1[[#This Row],[quantity]],Table5[#All],2,FALSE),"Unknown")) -> 3 | O75: 2801.91 EUR | P75: =IFERROR(VALUE(SUBSTITUTE(SUBSTITUTE(SUBSTITUTE(Table1[[#This Row],[revenue]],"EUR",""),"$",""),".",",")),"") -> 2801.91 | Q75: $ | R75: =IF(OR(Table1[[#This Row],[currency]]="EUR",Table1[[#This Row],[currency]]="€"),"EUR",IF(OR(Table1[[#This Row],[currency]]="USD",Table1[[#This Row],[currency]]="$"),"USD","Unknown")) -> USD | T75: =IFERROR(_xlfn.XLOOKUP(Table1[[#This Row],[order_status]],Table8[Original],Table8[Clean],,0,1),"Unknown") -> Unknown | U75: 5 | V75: =IF(ISNUMBER(Table1[[#This Row],[delivery_days]]),Table1[[#This Row],[delivery_days]],IFERROR(_xlfn.XLOOKUP(Table1[[#This Row],[delivery_days]],Table57[Original],Table57[Clean],,0,1),"Unknown")) -> 5
A76: ORD-1074 | B76: =IF(ISBLANK(Table1[[#This Row],[order_id]]),"",IF(LEFT(Table1[[#This Row],[order_id]],3)="ORD",Table1[[#This Row],[order_id]],"ORD-" & Table1[[#This Row],[order_id]])) -> ORD-1074 | C76: 2024-12-05 | D76: =IFERROR(DATEVALUE(Table1[[#This Row],[order_date]]),"") -> 45631 | E76: customer 74 | F76: =IF(ISBLANK(Table1[[#This Row],[customer_name]]),"Unknown Customer",PROPER(SUBSTITUTE(Table1[[#This Row],[customer_name]],"Cust.","Customer"))) -> Customer 74 | G76: U.S. | H76: =IFERROR(_xlfn.XLOOKUP(Table1[[#This Row],[region]],Mappings!$C$3:$C$8,Mappings!$D$3:$D$8,,0,1),"Unknown") -> USA | I76: Web | J76: =IFERROR(_xlfn.XLOOKUP(Table1[[#This Row],[sales_channel]],Table4[Original],Table4[Clean],,0,1),"Unknown") -> Online | K76: Phone | L76: =IFERROR(_xlfn.XLOOKUP(Table1[[#This Row],[product]],Table3[Original],Table3[Product_clean],,0,1),"Unknown") -> Phone | M76: 1 | N76: =IF(ISNUMBER(Table1[[#This Row],[quantity]]),Table1[[#This Row],[quantity]],IFERROR(VLOOKUP(Table1[[#This Row],[quantity]],Table5[#All],2,FALSE),"Unknown")) -> 1 | O76: 2387.56 EUR | P76: =IFERROR(VALUE(SUBSTITUTE(SUBSTITUTE(SUBSTITUTE(Table1[[#This Row],[revenue]],"EUR",""),"$",""),".",",")),"") -> 2387.56 | Q76: $ | R76: =IF(OR(Table1[[#This Row],[currency]]="EUR",Table1[[#This Row],[currency]]="€"),"EUR",IF(OR(Table1[[#This Row],[currency]]="USD",Table1[[#This Row],[currency]]="$"),"USD","Unknown")) -> USD | S76: delivered | T76: =IFERROR(_xlfn.XLOOKUP(Table1[[#This Row],[order_status]],Table8[Original],Table8[Clean],,0,1),"Unknown") -> Delivered | U76: five | V76: =IF(ISNUMBER(Table1[[#This Row],[delivery_days]]),Table1[[#This Row],[delivery_days]],IFERROR(_xlfn.XLOOKUP(Table1[[#This Row],[delivery_days]],Table57[Original],Table57[Clean],,0,1),"Unknown")) -> 5
B77: =IF(ISBLANK(Table1[[#This Row],[order_id]]),"",IF(LEFT(Table1[[#This Row],[order_id]],3)="ORD",Table1[[#This Row],[order_id]],"ORD-" & Table1[[#This Row],[order_id]])) | C77: 08/01/2024 | D77: =IFERROR(DATEVALUE(Table1[[#This Row],[order_date]]),"") -> 45299 | E77: Customer 75 | F77: =IF(ISBLANK(Table1[[#This Row],[customer_name]]),"Unknown Customer",PROPER(SUBSTITUTE(Table1[[#This Row],[customer_name]],"Cust.","Customer"))) -> Customer 75 | G77: europe | H77: =IFERROR(_xlfn.XLOOKUP(Table1[[#This Row],[region]],Mappings!$C$3:$C$8,Mappings!$D$3:$D$8,,0,1),"Unknown") -> Europe | I77: Mobile | J77: =IFERROR(_xlfn.XLOOKUP(Table1[[#This Row],[sales_channel]],Table4[Original],Table4[Clean],,0,1),"Unknown") -> Mobile | K77: Phone | L77: =IFERROR(_xlfn.XLOOKUP(Table1[[#This Row],[product]],Table3[Original],Table3[Product_clean],,0,1),"Unknown") -> Phone | N77: =IF(ISNUMBER(Table1[[#This Row],[quantity]]),Table1[[#This Row],[quantity]],IFERROR(VLOOKUP(Table1[[#This Row],[quantity]],Table5[#All],2,FALSE),"Unknown")) -> Unknown | P77: =IFERROR(VALUE(SUBSTITUTE(SUBSTITUTE(SUBSTITUTE(Table1[[#This Row],[revenue]],"EUR",""),"$",""),".",",")),"") | Q77: $ | R77: =IF(OR(Table1[[#This Row],[currency]]="EUR",Table1[[#This Row],[currency]]="€"),"EUR",IF(OR(Table1[[#This Row],[currency]]="USD",Table1[[#This Row],[currency]]="$"),"USD","Unknown")) -> USD | T77: =IFERROR(_xlfn.XLOOKUP(Table1[[#This Row],[order_status]],Table8[Original],Table8[Clean],,0,1),"Unknown") -> Unknown | U77: 1 | V77: =IF(ISNUMBER(Table1[[#This Row],[delivery_days]]),Table1[[#This Row],[delivery_days]],IFERROR(_xlfn.XLOOKUP(Table1[[#This Row],[delivery_days]],Table57[Original],Table57[Clean],,0,1),"Unknown")) -> 1 | W77: VIP
A78: ORD-1076 | B78: =IF(ISBLANK(Table1[[#This Row],[order_id]]),"",IF(LEFT(Table1[[#This Row],[order_id]],3)="ORD",Table1[[#This Row],[order_id]],"ORD-" & Table1[[#This Row],[order_id]])) -> ORD-1076 | D78: =IFERROR(DATEVALUE(Table1[[#This Row],[order_date]]),"") | E78: Customer 76 | F78: =IF(ISBLANK(Table1[[#This Row],[customer_name]]),"Unknown Customer",PROPER(SUBSTITUTE(Table1[[#This Row],[customer_name]],"Cust.","Customer"))) -> Customer 76 | G78: U.S. | H78: =IFERROR(_xlfn.XLOOKUP(Table1[[#This Row],[region]],Mappings!$C$3:$C$8,Mappings!$D$3:$D$8,,0,1),"Unknown") -> USA | I78: Online | J78: =IFERROR(_xlfn.XLOOKUP(Table1[[#This Row],[sales_channel]],Table4[Original],Table4[Clean],,0,1),"Unknown") -> Online | K78: Lapotp | L78: =IFERROR(_xlfn.XLOOKUP(Table1[[#This Row],[product]],Table3[Original],Table3[Product_clean],,0,1),"Unknown") -> Laptop | M78: 3 | N78: =IF(ISNUMBER(Table1[[#This Row],[quantity]]),Table1[[#This Row],[quantity]],IFERROR(VLOOKUP(Table1[[#This Row],[quantity]],Table5[#All],2,FALSE),"Unknown")) -> 3 | P78: =IFERROR(VALUE(SUBSTITUTE(SUBSTITUTE(SUBSTITUTE(Table1[[#This Row],[revenue]],"EUR",""),"$",""),".",",")),"") | Q78: USD | R78: =IF(OR(Table1[[#This Row],[currency]]="EUR",Table1[[#This Row],[currency]]="€"),"EUR",IF(OR(Table1[[#This Row],[currency]]="USD",Table1[[#This Row],[currency]]="$"),"USD","Unknown")) -> USD | T78: =IFERROR(_xlfn.XLOOKUP(Table1[[#This Row],[order_status]],Table8[Original],Table8[Clean],,0,1),"Unknown") -> Unknown | U78: 1 | V78: =IF(ISNUMBER(Table1[[#This Row],[delivery_days]]),Table1[[#This Row],[delivery_days]],IFERROR(_xlfn.XLOOKUP(Table1[[#This Row],[delivery_days]],Table57[Original],Table57[Clean],,0,1),"Unknown")) -> 1
A79: ORD-1077 | B79: =IF(ISBLANK(Table1[[#This Row],[order_id]]),"",IF(LEFT(Table1[[#This Row],[order_id]],3)="ORD",Table1[[#This Row],[order_id]],"ORD-" & Table1[[#This Row],[order_id]])) -> ORD-1077 | C79: 20/02/2024 | D79: =IFERROR(DATEVALUE(Table1[[#This Row],[order_date]]),"") -> 45342 | E79: Cust. 77 | F79: =IF(ISBLANK(Table1[[#This Row],[customer_name]]),"Unknown Customer",PROPER(SUBSTITUTE(Table1[[#This Row],[customer_name]],"Cust.","Customer"))) -> Customer 77 | G79: EU | H79: =IFERROR(_xlfn.XLOOKUP(Table1[[#This Row],[region]],Mappings!$C$3:$C$8,Mappings!$D$3:$D$8,,0,1),"Unknown") -> Europe | I79: Online | J79: =IFERROR(_xlfn.XLOOKUP(Table1[[#This Row],[sales_channel]],Table4[Original],Table4[Clean],,0,1),"Unknown") -> Online | K79: Phone | L79: =IFERROR(_xlfn.XLOOKUP(Table1[[#This Row],[product]],Table3[Original],Table3[Product_clean],,0,1),"Unknown") -> Phone | M79: 1 | N79: =IF(ISNUMBER(Table1[[#This Row],[quantity]]),Table1[[#This Row],[quantity]],IFERROR(VLOOKUP(Table1[[#This Row],[quantity]],Table5[#All],2,FALSE),"Unknown")) -> 1 | O79: 2293.09 | P79: =IFERROR(VALUE(SUBSTITUTE(SUBSTITUTE(SUBSTITUTE(Table1[[#This Row],[revenue]],"EUR",""),"$",""),".",",")),"") -> 2293.09 | Q79: € | R79: =IF(OR(Table1[[#This Row],[currency]]="EUR",Table1[[#This Row],[currency]]="€"),"EUR",IF(OR(Table1[[#This Row],[currency]]="USD",Table1[[#This Row],[currency]]="$"),"USD","Unknown")) -> EUR | S79: RETURNED | T79: =IFERROR(_xlfn.XLOOKUP(Table1[[#This Row],[order_status]],Table8[Original],Table8[Clean],,0,1),"Unknown") -> Returned | U79: 3 | V79: =IF(ISNUMBER(Table1[[#This Row],[delivery_days]]),Table1[[#This Row],[delivery_days]],IFERROR(_xlfn.XLOOKUP(Table1[[#This Row],[delivery_days]],Table57[Original],Table57[Clean],,0,1),"Unknown")) -> 3
B80: =IF(ISBLANK(Table1[[#This Row],[order_id]]),"",IF(LEFT(Table1[[#This Row],[order_id]],3)="ORD",Table1[[#This Row],[order_id]],"ORD-" & Table1[[#This Row],[order_id]])) | C80: 15/03/2024 | D80: =IFERROR(DATEVALUE(Table1[[#This Row],[order_date]]),"") -> 45366 | E80: customer 78 | F80: =IF(ISBLANK(Table1[[#This Row],[customer_name]]),"Unknown Customer",PROPER(SUBSTITUTE(Table1[[#This Row],[customer_name]],"Cust.","Customer"))) -> Customer 78 | G80: US | H80: =IFERROR(_xlfn.XLOOKUP(Table1[[#This Row],[region]],Mappings!$C$3:$C$8,Mappings!$D$3:$D$8,,0,1),"Unknown") -> USA | I80: Online | J80: =IFERROR(_xlfn.XLOOKUP(Table1[[#This Row],[sales_channel]],Table4[Original],Table4[Clean],,0,1),"Unknown") -> Online | K80: Tablet | L80: =IFERROR(_xlfn.XLOOKUP(Table1[[#This Row],[product]],Table3[Original],Table3[Product_clean],,0,1),"Unknown") -> Tablet | M80: two | N80: =IF(ISNUMBER(Table1[[#This Row],[quantity]]),Table1[[#This Row],[quantity]],IFERROR(VLOOKUP(Table1[[#This Row],[quantity]],Table5[#All],2,FALSE),"Unknown")) -> 2 | P80: =IFERROR(VALUE(SUBSTITUTE(SUBSTITUTE(SUBSTITUTE(Table1[[#This Row],[revenue]],"EUR",""),"$",""),".",",")),"") | R80: =IF(OR(Table1[[#This Row],[currency]]="EUR",Table1[[#This Row],[currency]]="€"),"EUR",IF(OR(Table1[[#This Row],[currency]]="USD",Table1[[#This Row],[currency]]="$"),"USD","Unknown")) -> Unknown | T80: =IFERROR(_xlfn.XLOOKUP(Table1[[#This Row],[order_status]],Table8[Original],Table8[Clean],,0,1),"Unknown") -> Unknown | U80: 2 | V80: =IF(ISNUMBER(Table1[[#This Row],[delivery_days]]),Table1[[#This Row],[delivery_days]],IFERROR(_xlfn.XLOOKUP(Table1[[#This Row],[delivery_days]],Table57[Original],Table57[Clean],,0,1),"Unknown")) -> 2
B81: =IF(ISBLANK(Table1[[#This Row],[order_id]]),"",IF(LEFT(Table1[[#This Row],[order_id]],3)="ORD",Table1[[#This Row],[order_id]],"ORD-" & Table1[[#This Row],[order_id]])) | C81: 10-25-2024 | D81: =IFERROR(DATEVALUE(Table1[[#This Row],[order_date]]),"") | F81: =IF(ISBLANK(Table1[[#This Row],[customer_name]]),"Unknown Customer",PROPER(SUBSTITUTE(Table1[[#This Row],[customer_name]],"Cust.","Customer"))) -> Unknown Customer | G81: Asia | H81: =IFERROR(_xlfn.XLOOKUP(Table1[[#This Row],[region]],Mappings!$C$3:$C$8,Mappings!$D$3:$D$8,,0,1),"Unknown") -> Asia | J81: =IFERROR(_xlfn.XLOOKUP(Table1[[#This Row],[sales_channel]],Table4[Original],Table4[Clean],,0,1),"Unknown") -> Unknown | K81: Laptop | L81: =IFERROR(_xlfn.XLOOKUP(Table1[[#This Row],[product]],Table3[Original],Table3[Product_clean],,0,1),"Unknown") -> Laptop | M81: two | N81: =IF(ISNUMBER(Table1[[#This Row],[quantity]]),Table1[[#This Row],[quantity]],IFERROR(VLOOKUP(Table1[[#This Row],[quantity]],Table5[#All],2,FALSE),"Unknown")) -> 2 | P81: =IFERROR(VALUE(SUBSTITUTE(SUBSTITUTE(SUBSTITUTE(Table1[[#This Row],[revenue]],"EUR",""),"$",""),".",",")),"") | Q81: € | R81: =IF(OR(Table1[[#This Row],[currency]]="EUR",Table1[[#This Row],[currency]]="€"),"EUR",IF(OR(Table1[[#This Row],[currency]]="USD",Table1[[#This Row],[currency]]="$"),"USD","Unknown")) -> EUR | T81: =IFERROR(_xlfn.XLOOKUP(Table1[[#This Row],[order_status]],Table8[Original],Table8[Clean],,0,1),"Unknown") -> Unknown | U81: five | V81: =IF(ISNUMBER(Table1[[#This Row],[delivery_days]]),Table1[[#This Row],[delivery_days]],IFERROR(_xlfn.XLOOKUP(Table1[[#This Row],[delivery_days]],Table57[Original],Table57[Clean],,0,1),"Unknown")) -> 5 | W81: late delivery
B82: =IF(ISBLANK(Table1[[#This Row],[order_id]]),"",IF(LEFT(Table1[[#This Row],[order_id]],3)="ORD",Table1[[#This Row],[order_id]],"ORD-" & Table1[[#This Row],[order_id]])) | C82: 02-07-2024 | D82: =IFERROR(DATEVALUE(Table1[[#This Row],[order_date]]),"") -> 45475 | F82: =IF(ISBLANK(Table1[[#This Row],[customer_name]]),"Unknown Customer",PROPER(SUBSTITUTE(Table1[[#This Row],[customer_name]],"Cust.","Customer"))) -> Unknown Customer | H82: =IFERROR(_xlfn.XLOOKUP(Table1[[#This Row],[region]],Mappings!$C$3:$C$8,Mappings!$D$3:$D$8,,0,1),"Unknown") -> Unknown | I82: Mobile | J82: =IFERROR(_xlfn.XLOOKUP(Table1[[#This Row],[sales_channel]],Table4[Original],Table4[Clean],,0,1),"Unknown") -> Mobile | K82: phone | L82: =IFERROR(_xlfn.XLOOKUP(Table1[[#This Row],[product]],Table3[Original],Table3[Product_clean],,0,1),"Unknown") -> Phone | M82: 3 | N82: =IF(ISNUMBER(Table1[[#This Row],[quantity]]),Table1[[#This Row],[quantity]],IFERROR(VLOOKUP(Table1[[#This Row],[quantity]],Table5[#All],2,FALSE),"Unknown")) -> 3 | O82: $1353.1 | P82: =IFERROR(VALUE(SUBSTITUTE(SUBSTITUTE(SUBSTITUTE(Table1[[#This Row],[revenue]],"EUR",""),"$",""),".",",")),"") -> 1353.1 | Q82: USD | R82: =IF(OR(Table1[[#This Row],[currency]]="EUR",Table1[[#This Row],[currency]]="€"),"EUR",IF(OR(Table1[[#This Row],[currency]]="USD",Table1[[#This Row],[currency]]="$"),"USD","Unknown")) -> USD | S82: returned | T82: =IFERROR(_xlfn.XLOOKUP(Table1[[#This Row],[order_status]],Table8[Original],Table8[Clean],,0,1),"Unknown") -> Returned | U82: 5 | V82: =IF(ISNUMBER(Table1[[#This Row],[delivery_days]]),Table1[[#This Row],[delivery_days]],IFERROR(_xlfn.XLOOKUP(Table1[[#This Row],[delivery_days]],Table57[Original],Table57[Clean],,0,1),"Unknown")) -> 5
B83: =IF(ISBLANK(Table1[[#This Row],[order_id]]),"",IF(LEFT(Table1[[#This Row],[order_id]],3)="ORD",Table1[[#This Row],[order_id]],"ORD-" & Table1[[#This Row],[order_id]])) | C83: 05-01-2024 | D83: =IFERROR(DATEVALUE(Table1[[#This Row],[order_date]]),"") -> 45296 | E83: Cust. 81 | F83: =IF(ISBLANK(Table1[[#This Row],[customer_name]]),"Unknown Customer",PROPER(SUBSTITUTE(Table1[[#This Row],[customer_name]],"Cust.","Customer"))) -> Customer 81 | G83: EU | H83: =IFERROR(_xlfn.XLOOKUP(Table1[[#This Row],[region]],Mappings!$C$3:$C$8,Mappings!$D$3:$D$8,,0,1),"Unknown") -> Europe | J83: =IFERROR(_xlfn.XLOOKUP(Table1[[#This Row],[sales_channel]],Table4[Original],Table4[Clean],,0,1),"Unknown") -> Unknown | K83: phone | L83: =IFERROR(_xlfn.XLOOKUP(Table1[[#This Row],[product]],Table3[Original],Table3[Product_clean],,0,1),"Unknown") -> Phone | M83: 3 | N83: =IF(ISNUMBER(Table1[[#This Row],[quantity]]),Table1[[#This Row],[quantity]],IFERROR(VLOOKUP(Table1[[#This Row],[quantity]],Table5[#All],2,FALSE),"Unknown")) -> 3 | O83: $1175.02 | P83: =IFERROR(VALUE(SUBSTITUTE(SUBSTITUTE(SUBSTITUTE(Table1[[#This Row],[revenue]],"EUR",""),"$",""),".",",")),"") -> 1175.02 | Q83: EUR | R83: =IF(OR(Table1[[#This Row],[currency]]="EUR",Table1[[#This Row],[currency]]="€"),"EUR",IF(OR(Table1[[#This Row],[currency]]="USD",Table1[[#This Row],[currency]]="$"),"USD","Unknown")) -> EUR | S83: pending | T83: =IFERROR(_xlfn.XLOOKUP(Table1[[#This Row],[order_status]],Table8[Original],Table8[Clean],,0,1),"Unknown") -> Pending | V83: =IF(ISNUMBER(Table1[[#This Row],[delivery_days]]),Table1[[#This Row],[delivery_days]],IFERROR(_xlfn.XLOOKUP(Table1[[#This Row],[delivery_days]],Table57[Original],Table57[Clean],,0,1),"Unknown")) -> Unknown
A84: 1082 | B84: =IF(ISBLANK(Table1[[#This Row],[order_id]]),"",IF(LEFT(Table1[[#This Row],[order_id]],3)="ORD",Table1[[#This Row],[order_id]],"ORD-" & Table1[[#This Row],[order_id]])) -> ORD-1082 | C84: 11-06-2024 | D84: =IFERROR(DATEVALUE(Table1[[#This Row],[order_date]]),"") -> 45454 | E84: customer 82 | F84: =IF(ISBLANK(Table1[[#This Row],[customer_name]]),"Unknown Customer",PROPER(SUBSTITUTE(Table1[[#This Row],[customer_name]],"Cust.","Customer"))) -> Customer 82 | H84: =IFERROR(_xlfn.XLOOKUP(Table1[[#This Row],[region]],Mappings!$C$3:$C$8,Mappings!$D$3:$D$8,,0,1),"Unknown") -> Unknown | I84: online | J84: =IFERROR(_xlfn.XLOOKUP(Table1[[#This Row],[sales_channel]],Table4[Original],Table4[Clean],,0,1),"Unknown") -> Online | K84: Tablet | L84: =IFERROR(_xlfn.XLOOKUP(Table1[[#This Row],[product]],Table3[Original],Table3[Product_clean],,0,1),"Unknown") -> Tablet | M84: 3 | N84: =IF(ISNUMBER(Table1[[#This Row],[quantity]]),Table1[[#This Row],[quantity]],IFERROR(VLOOKUP(Table1[[#This Row],[quantity]],Table5[#All],2,FALSE),"Unknown")) -> 3 | O84: $2248.26 | P84: =IFERROR(VALUE(SUBSTITUTE(SUBSTITUTE(SUBSTITUTE(Table1[[#This Row],[revenue]],"EUR",""),"$",""),".",",")),"") -> 2248.26 | Q84: USD | R84: =IF(OR(Table1[[#This Row],[currency]]="EUR",Table1[[#This Row],[currency]]="€"),"EUR",IF(OR(Table1[[#This Row],[currency]]="USD",Table1[[#This Row],[currency]]="$"),"USD","Unknown")) -> USD | T84: =IFERROR(_xlfn.XLOOKUP(Table1[[#This Row],[order_status]],Table8[Original],Table8[Clean],,0,1),"Unknown") -> Unknown | U84: 1 | V84: =IF(ISNUMBER(Table1[[#This Row],[delivery_days]]),Table1[[#This Row],[delivery_days]],IFERROR(_xlfn.XLOOKUP(Table1[[#This Row],[delivery_days]],Table57[Original],Table57[Clean],,0,1),"Unknown")) -> 1
B85: =IF(ISBLANK(Table1[[#This Row],[order_id]]),"",IF(LEFT(Table1[[#This Row],[order_id]],3)="ORD",Table1[[#This Row],[order_id]],"ORD-" & Table1[[#This Row],[order_id]])) | C85: 06-07-2024 | D85: =IFERROR(DATEVALUE(Table1[[#This Row],[order_date]]),"") -> 45479 | E85: customer 83 | F85: =IF(ISBLANK(Table1[[#This Row],[customer_name]]),"Unknown Customer",PROPER(SUBSTITUTE(Table1[[#This Row],[customer_name]],"Cust.","Customer"))) -> Customer 83 | G85: EU | H85: =IFERROR(_xlfn.XLOOKUP(Table1[[#This Row],[region]],Mappings!$C$3:$C$8,Mappings!$D$3:$D$8,,0,1),"Unknown") -> Europe | I85: Mobile | J85: =IFERROR(_xlfn.XLOOKUP(Table1[[#This Row],[sales_channel]],Table4[Original],Table4[Clean],,0,1),"Unknown") -> Mobile | K85: Phone | L85: =IFERROR(_xlfn.XLOOKUP(Table1[[#This Row],[product]],Table3[Original],Table3[Product_clean],,0,1),"Unknown") -> Phone | M85: two | N85: =IF(ISNUMBER(Table1[[#This Row],[quantity]]),Table1[[#This Row],[quantity]],IFERROR(VLOOKUP(Table1[[#This Row],[quantity]],Table5[#All],2,FALSE),"Unknown")) -> 2 | O85: 2376.4 | P85: =IFERROR(VALUE(SUBSTITUTE(SUBSTITUTE(SUBSTITUTE(Table1[[#This Row],[revenue]],"EUR",""),"$",""),".",",")),"") -> 2376.4 | Q85: USD | R85: =IF(OR(Table1[[#This Row],[currency]]="EUR",Table1[[#This Row],[currency]]="€"),"EUR",IF(OR(Table1[[#This Row],[currency]]="USD",Table1[[#This Row],[currency]]="$"),"USD","Unknown")) -> USD | S85: Delivered | T85: =IFERROR(_xlfn.XLOOKUP(Table1[[#This Row],[order_status]],Table8[Original],Table8[Clean],,0,1),"Unknown") -> Delivered | U85: 2 | V85: =IF(ISNUMBER(Table1[[#This Row],[delivery_days]]),Table1[[#This Row],[delivery_days]],IFERROR(_xlfn.XLOOKUP(Table1[[#This Row],[delivery_days]],Table57[Original],Table57[Clean],,0,1),"Unknown")) -> 2 | W85: VIP
A86: 1084 | B86: =IF(ISBLANK(Table1[[#This Row],[order_id]]),"",IF(LEFT(Table1[[#This Row],[order_id]],3)="ORD",Table1[[#This Row],[order_id]],"ORD-" & Table1[[#This Row],[order_id]])) -> ORD-1084 | C86: 09-28-2024 | D86: =IFERROR(DATEVALUE(Table1[[#This Row],[order_date]]),"") | F86: =IF(ISBLANK(Table1[[#This Row],[customer_name]]),"Unknown Customer",PROPER(SUBSTITUTE(Table1[[#This Row],[customer_name]],"Cust.","Customer"))) -> Unknown Customer | H86: =IFERROR(_xlfn.XLOOKUP(Table1[[#This Row],[region]],Mappings!$C$3:$C$8,Mappings!$D$3:$D$8,,0,1),"Unknown") -> Unknown | I86: Mobile | J86: =IFERROR(_xlfn.XLOOKUP(Table1[[#This Row],[sales_channel]],Table4[Original],Table4[Clean],,0,1),"Unknown") -> Mobile | K86: TABLET | L86: =IFERROR(_xlfn.XLOOKUP(Table1[[#This Row],[product]],Table3[Original],Table3[Product_clean],,0,1),"Unknown") -> Tablet | M86: 3 | N86: =IF(ISNUMBER(Table1[[#This Row],[quantity]]),Table1[[#This Row],[quantity]],IFERROR(VLOOKUP(Table1[[#This Row],[quantity]],Table5[#All],2,FALSE),"Unknown")) -> 3 | O86: $1530.29 | P86: =IFERROR(VALUE(SUBSTITUTE(SUBSTITUTE(SUBSTITUTE(Table1[[#This Row],[revenue]],"EUR",""),"$",""),".",",")),"") -> 1530.29 | Q86: EUR | R86: =IF(OR(Table1[[#This Row],[currency]]="EUR",Table1[[#This Row],[currency]]="€"),"EUR",IF(OR(Table1[[#This Row],[currency]]="USD",Table1[[#This Row],[currency]]="$"),"USD","Unknown")) -> EUR | S86: returned | T86: =IFERROR(_xlfn.XLOOKUP(Table1[[#This Row],[order_status]],Table8[Original],Table8[Clean],,0,1),"Unknown") -> Returned | U86: 1 | V86: =IF(ISNUMBER(Table1[[#This Row],[delivery_days]]),Table1[[#This Row],[delivery_days]],IFERROR(_xlfn.XLOOKUP(Table1[[#This Row],[delivery_days]],Table57[Original],Table57[Clean],,0,1),"Unknown")) -> 1 | W86: late delivery
B87: =IF(ISBLANK(Table1[[#This Row],[order_id]]),"",IF(LEFT(Table1[[#This Row],[order_id]],3)="ORD",Table1[[#This Row],[order_id]],"ORD-" & Table1[[#This Row],[order_id]])) | C87: 01-21-2025 | D87: =IFERROR(DATEVALUE(Table1[[#This Row],[order_date]]),"") | E87: Customer 85 | F87: =IF(ISBLANK(Table1[[#This Row],[customer_name]]),"Unknown Customer",PROPER(SUBSTITUTE(Table1[[#This Row],[customer_name]],"Cust.","Customer"))) -> Customer 85 | H87: =IFERROR(_xlfn.XLOOKUP(Table1[[#This Row],[region]],Mappings!$C$3:$C$8,Mappings!$D$3:$D$8,,0,1),"Unknown") -> Unknown | I87: MOBILE | J87: =IFERROR(_xlfn.XLOOKUP(Table1[[#This Row],[sales_channel]],Table4[Original],Table4[Clean],,0,1),"Unknown") -> Mobile | K87: Laptop | L87: =IFERROR(_xlfn.XLOOKUP(Table1[[#This Row],[product]],Table3[Original],Table3[Product_clean],,0,1),"Unknown") -> Laptop | M87: 3 | N87: =IF(ISNUMBER(Table1[[#This Row],[quantity]]),Table1[[#This Row],[quantity]],IFERROR(VLOOKUP(Table1[[#This Row],[quantity]],Table5[#All],2,FALSE),"Unknown")) -> 3 | P87: =IFERROR(VALUE(SUBSTITUTE(SUBSTITUTE(SUBSTITUTE(Table1[[#This Row],[revenue]],"EUR",""),"$",""),".",",")),"") | R87: =IF(OR(Table1[[#This Row],[currency]]="EUR",Table1[[#This Row],[currency]]="€"),"EUR",IF(OR(Table1[[#This Row],[currency]]="USD",Table1[[#This Row],[currency]]="$"),"USD","Unknown")) -> Unknown | S87: delivered | T87: =IFERROR(_xlfn.XLOOKUP(Table1[[#This Row],[order_status]],Table8[Original],Table8[Clean],,0,1),"Unknown") -> Delivered | U87: 5 | V87: =IF(ISNUMBER(Table1[[#This Row],[delivery_days]]),Table1[[#This Row],[delivery_days]],IFERROR(_xlfn.XLOOKUP(Table1[[#This Row],[delivery_days]],Table57[Original],Table57[Clean],,0,1),"Unknown")) -> 5 | W87: VIP
B88: =IF(ISBLANK(Table1[[#This Row],[order_id]]),"",IF(LEFT(Table1[[#This Row],[order_id]],3)="ORD",Table1[[#This Row],[order_id]],"ORD-" & Table1[[#This Row],[order_id]])) | D88: =IFERROR(DATEVALUE(Table1[[#This Row],[order_date]]),"") | E88: Cust. 86 | F88: =IF(ISBLANK(Table1[[#This Row],[customer_name]]),"Unknown Customer",PROPER(SUBSTITUTE(Table1[[#This Row],[customer_name]],"Cust.","Customer"))) -> Customer 86 | G88: EU | H88: =IFERROR(_xlfn.XLOOKUP(Table1[[#This Row],[region]],Mappings!$C$3:$C$8,Mappings!$D$3:$D$8,,0,1),"Unknown") -> Europe | J88: =IFERROR(_xlfn.XLOOKUP(Table1[[#This Row],[sales_channel]],Table4[Original],Table4[Clean],,0,1),"Unknown") -> Unknown | K88: Lapotp | L88: =IFERROR(_xlfn.XLOOKUP(Table1[[#This Row],[product]],Table3[Original],Table3[Product_clean],,0,1),"Unknown") -> Laptop | M88: two | N88: =IF(ISNUMBER(Table1[[#This Row],[quantity]]),Table1[[#This Row],[quantity]],IFERROR(VLOOKUP(Table1[[#This Row],[quantity]],Table5[#All],2,FALSE),"Unknown")) -> 2 | O88: $2259.58 | P88: =IFERROR(VALUE(SUBSTITUTE(SUBSTITUTE(SUBSTITUTE(Table1[[#This Row],[revenue]],"EUR",""),"$",""),".",",")),"") -> 2259.58 | Q88: EUR | R88: =IF(OR(Table1[[#This Row],[currency]]="EUR",Table1[[#This Row],[currency]]="€"),"EUR",IF(OR(Table1[[#This Row],[currency]]="USD",Table1[[#This Row],[currency]]="$"),"USD","Unknown")) -> EUR | S88: pending | T88: =IFERROR(_xlfn.XLOOKUP(Table1[[#This Row],[order_status]],Table8[Original],Table8[Clean],,0,1),"Unknown") -> Pending | U88: five | V88: =IF(ISNUMBER(Table1[[#This Row],[delivery_days]]),Table1[[#This Row],[delivery_days]],IFERROR(_xlfn.XLOOKUP(Table1[[#This Row],[delivery_days]],Table57[Original],Table57[Clean],,0,1),"Unknown")) -> 5 | W88: VIP
B89: =IF(ISBLANK(Table1[[#This Row],[order_id]]),"",IF(LEFT(Table1[[#This Row],[order_id]],3)="ORD",Table1[[#This Row],[order_id]],"ORD-" & Table1[[#This Row],[order_id]])) | D89: =IFERROR(DATEVALUE(Table1[[#This Row],[order_date]]),"") | E89: Cust. 87 | F89: =IF(ISBLANK(Table1[[#This Row],[customer_name]]),"Unknown Customer",PROPER(SUBSTITUTE(Table1[[#This Row],[customer_name]],"Cust.","Customer"))) -> Customer 87 | H89: =IFERROR(_xlfn.XLOOKUP(Table1[[#This Row],[region]],Mappings!$C$3:$C$8,Mappings!$D$3:$D$8,,0,1),"Unknown") -> Unknown | I89: MOBILE | J89: =IFERROR(_xlfn.XLOOKUP(Table1[[#This Row],[sales_channel]],Table4[Original],Table4[Clean],,0,1),"Unknown") -> Mobile | K89: Laptop | L89: =IFERROR(_xlfn.XLOOKUP(Table1[[#This Row],[product]],Table3[Original],Table3[Product_clean],,0,1),"Unknown") -> Laptop | M89: 2 | N89: =IF(ISNUMBER(Table1[[#This Row],[quantity]]),Table1[[#This Row],[quantity]],IFERROR(VLOOKUP(Table1[[#This Row],[quantity]],Table5[#All],2,FALSE),"Unknown")) -> 2 | O89: 703.03 | P89: =IFERROR(VALUE(SUBSTITUTE(SUBSTITUTE(SUBSTITUTE(Table1[[#This Row],[revenue]],"EUR",""),"$",""),".",",")),"") -> 703.03 | Q89: EUR | R89: =IF(OR(Table1[[#This Row],[currency]]="EUR",Table1[[#This Row],[currency]]="€"),"EUR",IF(OR(Table1[[#This Row],[currency]]="USD",Table1[[#This Row],[currency]]="$"),"USD","Unknown")) -> EUR | S89: delivered | T89: =IFERROR(_xlfn.XLOOKUP(Table1[[#This Row],[order_status]],Table8[Original],Table8[Clean],,0,1),"Unknown") -> Delivered | U89: 3 | V89: =IF(ISNUMBER(Table1[[#This Row],[delivery_days]]),Table1[[#This Row],[delivery_days]],IFERROR(_xlfn.XLOOKUP(Table1[[#This Row],[delivery_days]],Table57[Original],Table57[Clean],,0,1),"Unknown")) -> 3
A90: ORD-1088 | B90: =IF(ISBLANK(Table1[[#This Row],[order_id]]),"",IF(LEFT(Table1[[#This Row],[order_id]],3)="ORD",Table1[[#This Row],[order_id]],"ORD-" & Table1[[#This Row],[order_id]])) -> ORD-1088 | D90: =IFERROR(DATEVALUE(Table1[[#This Row],[order_date]]),"") | E90: Cust. 88 | F90: =IF(ISBLANK(Table1[[#This Row],[customer_name]]),"Unknown Customer",PROPER(SUBSTITUTE(Table1[[#This Row],[customer_name]],"Cust.","Customer"))) -> Customer 88 | H90: =IFERROR(_xlfn.XLOOKUP(Table1[[#This Row],[region]],Mappings!$C$3:$C$8,Mappings!$D$3:$D$8,,0,1),"Unknown") -> Unknown | J90: =IFERROR(_xlfn.XLOOKUP(Table1[[#This Row],[sales_channel]],Table4[Original],Table4[Clean],,0,1),"Unknown") -> Unknown | K90: TABLET | L90: =IFERROR(_xlfn.XLOOKUP(Table1[[#This Row],[product]],Table3[Original],Table3[Product_clean],,0,1),"Unknown") -> Tablet | N90: =IF(ISNUMBER(Table1[[#This Row],[quantity]]),Table1[[#This Row],[quantity]],IFERROR(VLOOKUP(Table1[[#This Row],[quantity]],Table5[#All],2,FALSE),"Unknown")) -> Unknown | O90: 336.72 EUR | P90: =IFERROR(VALUE(SUBSTITUTE(SUBSTITUTE(SUBSTITUTE(Table1[[#This Row],[revenue]],"EUR",""),"$",""),".",",")),"") -> 336.72 | Q90: $ | R90: =IF(OR(Table1[[#This Row],[currency]]="EUR",Table1[[#This Row],[currency]]="€"),"EUR",IF(OR(Table1[[#This Row],[currency]]="USD",Table1[[#This Row],[currency]]="$"),"USD","Unknown")) -> USD | S90: pending | T90: =IFERROR(_xlfn.XLOOKUP(Table1[[#This Row],[order_status]],Table8[Original],Table8[Clean],,0,1),"Unknown") -> Pending | V90: =IF(ISNUMBER(Table1[[#This Row],[delivery_days]]),Table1[[#This Row],[delivery_days]],IFERROR(_xlfn.XLOOKUP(Table1[[#This Row],[delivery_days]],Table57[Original],Table57[Clean],,0,1),"Unknown")) -> Unknown | W90: late delivery
B91: =IF(ISBLANK(Table1[[#This Row],[order_id]]),"",IF(LEFT(Table1[[#This Row],[order_id]],3)="ORD",Table1[[#This Row],[order_id]],"ORD-" & Table1[[#This Row],[order_id]])) | D91: =IFERROR(DATEVALUE(Table1[[#This Row],[order_date]]),"") | E91: Cust. 89 | F91: =IF(ISBLANK(Table1[[#This Row],[customer_name]]),"Unknown Customer",PROPER(SUBSTITUTE(Table1[[#This Row],[customer_name]],"Cust.","Customer"))) -> Customer 89 | G91: EU | H91: =IFERROR(_xlfn.XLOOKUP(Table1[[#This Row],[region]],Mappings!$C$3:$C$8,Mappings!$D$3:$D$8,,0,1),"Unknown") -> Europe | J91: =IFERROR(_xlfn.XLOOKUP(Table1[[#This Row],[sales_channel]],Table4[Original],Table4[Clean],,0,1),"Unknown") -> Unknown | K91: Phone | L91: =IFERROR(_xlfn.XLOOKUP(Table1[[#This Row],[product]],Table3[Original],Table3[Product_clean],,0,1),"Unknown") -> Phone | M91: 2 | N91: =IF(ISNUMBER(Table1[[#This Row],[quantity]]),Table1[[#This Row],[quantity]],IFERROR(VLOOKUP(Table1[[#This Row],[quantity]],Table5[#All],2,FALSE),"Unknown")) -> 2 | P91: =IFERROR(VALUE(SUBSTITUTE(SUBSTITUTE(SUBSTITUTE(Table1[[#This Row],[revenue]],"EUR",""),"$",""),".",",")),"") | Q91: $ | R91: =IF(OR(Table1[[#This Row],[currency]]="EUR",Table1[[#This Row],[currency]]="€"),"EUR",IF(OR(Table1[[#This Row],[currency]]="USD",Table1[[#This Row],[currency]]="$"),"USD","Unknown")) -> USD | S91: returned | T91: =IFERROR(_xlfn.XLOOKUP(Table1[[#This Row],[order_status]],Table8[Original],Table8[Clean],,0,1),"Unknown") -> Returned | U91: 2 | V91: =IF(ISNUMBER(Table1[[#This Row],[delivery_days]]),Table1[[#This Row],[delivery_days]],IFERROR(_xlfn.XLOOKUP(Table1[[#This Row],[delivery_days]],Table57[Original],Table57[Clean],,0,1),"Unknown")) -> 2 | W91: VIP
B92: =IF(ISBLANK(Table1[[#This Row],[order_id]]),"",IF(LEFT(Table1[[#This Row],[order_id]],3)="ORD",Table1[[#This Row],[order_id]],"ORD-" & Table1[[#This Row],[order_id]])) | C92: 02-20-2024 | D92: =IFERROR(DATEVALUE(Table1[[#This Row],[order_date]]),"") | E92: Customer 90 | F92: =IF(ISBLANK(Table1[[#This Row],[customer_name]]),"Unknown Customer",PROPER(SUBSTITUTE(Table1[[#This Row],[customer_name]],"Cust.","Customer"))) -> Customer 90 | G92: europe | H92: =IFERROR(_xlfn.XLOOKUP(Table1[[#This Row],[region]],Mappings!$C$3:$C$8,Mappings!$D$3:$D$8,,0,1),"Unknown") -> Europe | I92: Mobile | J92: =IFERROR(_xlfn.XLOOKUP(Table1[[#This Row],[sales_channel]],Table4[Original],Table4[Clean],,0,1),"Unknown") -> Mobile | K92: Lapotp | L92: =IFERROR(_xlfn.XLOOKUP(Table1[[#This Row],[product]],Table3[Original],Table3[Product_clean],,0,1),"Unknown") -> Laptop | M92: 1 | N92: =IF(ISNUMBER(Table1[[#This Row],[quantity]]),Table1[[#This Row],[quantity]],IFERROR(VLOOKUP(Table1[[#This Row],[quantity]],Table5[#All],2,FALSE),"Unknown")) -> 1 | O92: $2943.74 | P92: =IFERROR(VALUE(SUBSTITUTE(SUBSTITUTE(SUBSTITUTE(Table1[[#This Row],[revenue]],"EUR",""),"$",""),".",",")),"") -> 2943.74 | Q92: $ | R92: =IF(OR(Table1[[#This Row],[currency]]="EUR",Table1[[#This Row],[currency]]="€"),"EUR",IF(OR(Table1[[#This Row],[currency]]="USD",Table1[[#This Row],[currency]]="$"),"USD","Unknown")) -> USD | S92: delivered | T92: =IFERROR(_xlfn.XLOOKUP(Table1[[#This Row],[order_status]],Table8[Original],Table8[Clean],,0,1),"Unknown") -> Delivered | V92: =IF(ISNUMBER(Table1[[#This Row],[delivery_days]]),Table1[[#This Row],[delivery_days]],IFERROR(_xlfn.XLOOKUP(Table1[[#This Row],[delivery_days]],Table57[Original],Table57[Clean],,0,1),"Unknown")) -> Unknown | W92: late delivery
A93: 1091 | B93: =IF(ISBLANK(Table1[[#This Row],[order_id]]),"",IF(LEFT(Table1[[#This Row],[order_id]],3)="ORD",Table1[[#This Row],[order_id]],"ORD-" & Table1[[#This Row],[order_id]])) -> ORD-1091 | C93: 11-24-2024 | D93: =IFERROR(DATEVALUE(Table1[[#This Row],[order_date]]),"") | E93: customer 91 | F93: =IF(ISBLANK(Table1[[#This Row],[customer_name]]),"Unknown Customer",PROPER(SUBSTITUTE(Table1[[#This Row],[customer_name]],"Cust.","Customer"))) -> Customer 91 | G93: US | H93: =IFERROR(_xlfn.XLOOKUP(Table1[[#This Row],[region]],Mappings!$C$3:$C$8,Mappings!$D$3:$D$8,,0,1),"Unknown") -> USA | I93: Web | J93: =IFERROR(_xlfn.XLOOKUP(Table1[[#This Row],[sales_channel]],Table4[Original],Table4[Clean],,0,1),"Unknown") -> Online | K93: Lapotp | L93: =IFERROR(_xlfn.XLOOKUP(Table1[[#This Row],[product]],Table3[Original],Table3[Product_clean],,0,1),"Unknown") -> Laptop | M93: 1 | N93: =IF(ISNUMBER(Table1[[#This Row],[quantity]]),Table1[[#This Row],[quantity]],IFERROR(VLOOKUP(Table1[[#This Row],[quantity]],Table5[#All],2,FALSE),"Unknown")) -> 1 | O93: 1936.5 | P93: =IFERROR(VALUE(SUBSTITUTE(SUBSTITUTE(SUBSTITUTE(Table1[[#This Row],[revenue]],"EUR",""),"$",""),".",",")),"") -> 1936.5 | R93: =IF(OR(Table1[[#This Row],[currency]]="EUR",Table1[[#This Row],[currency]]="€"),"EUR",IF(OR(Table1[[#This Row],[currency]]="USD",Table1[[#This Row],[currency]]="$"),"USD","Unknown")) -> Unknown | S93: Delivered | T93: =IFERROR(_xlfn.XLOOKUP(Table1[[#This Row],[order_status]],Table8[Original],Table8[Clean],,0,1),"Unknown") -> Delivered | U93: five | V93: =IF(ISNUMBER(Table1[[#This Row],[delivery_days]]),Table1[[#This Row],[delivery_days]],IFERROR(_xlfn.XLOOKUP(Table1[[#This Row],[delivery_days]],Table57[Original],Table57[Clean],,0,1),"Unknown")) -> 5 | W93: late delivery
A94: 1092 | B94: =IF(ISBLANK(Table1[[#This Row],[order_id]]),"",IF(LEFT(Table1[[#This Row],[order_id]],3)="ORD",Table1[[#This Row],[order_id]],"ORD-" & Table1[[#This Row],[order_id]])) -> ORD-1092 | C94: 2025-02-20 | D94: =IFERROR(DATEVALUE(Table1[[#This Row],[order_date]]),"") -> 45708 | E94: Cust. 92 | F94: =IF(ISBLANK(Table1[[#This Row],[customer_name]]),"Unknown Customer",PROPER(SUBSTITUTE(Table1[[#This Row],[customer_name]],"Cust.","Customer"))) -> Customer 92 | H94: =IFERROR(_xlfn.XLOOKUP(Table1[[#This Row],[region]],Mappings!$C$3:$C$8,Mappings!$D$3:$D$8,,0,1),"Unknown") -> Unknown | I94: online | J94: =IFERROR(_xlfn.XLOOKUP(Table1[[#This Row],[sales_channel]],Table4[Original],Table4[Clean],,0,1),"Unknown") -> Online | K94: Lapotp | L94: =IFERROR(_xlfn.XLOOKUP(Table1[[#This Row],[product]],Table3[Original],Table3[Product_clean],,0,1),"Unknown") -> Laptop | N94: =IF(ISNUMBER(Table1[[#This Row],[quantity]]),Table1[[#This Row],[quantity]],IFERROR(VLOOKUP(Table1[[#This Row],[quantity]],Table5[#All],2,FALSE),"Unknown")) -> Unknown | O94: $2615.6 | P94: =IFERROR(VALUE(SUBSTITUTE(SUBSTITUTE(SUBSTITUTE(Table1[[#This Row],[revenue]],"EUR",""),"$",""),".",",")),"") -> 2615.6 | Q94: € | R94: =IF(OR(Table1[[#This Row],[currency]]="EUR",Table1[[#This Row],[currency]]="€"),"EUR",IF(OR(Table1[[#This Row],[currency]]="USD",Table1[[#This Row],[currency]]="$"),"USD","Unknown")) -> EUR | S94: Delivered | T94: =IFERROR(_xlfn.XLOOKUP(Table1[[#This Row],[order_status]],Table8[Original],Table8[Clean],,0,1),"Unknown") -> Delivered | U94: 1 | V94: =IF(ISNUMBER(Table1[[#This Row],[delivery_days]]),Table1[[#This Row],[delivery_days]],IFERROR(_xlfn.XLOOKUP(Table1[[#This Row],[delivery_days]],Table57[Original],Table57[Clean],,0,1),"Unknown")) -> 1
B95: =IF(ISBLANK(Table1[[#This Row],[order_id]]),"",IF(LEFT(Table1[[#This Row],[order_id]],3)="ORD",Table1[[#This Row],[order_id]],"ORD-" & Table1[[#This Row],[order_id]])) | C95: 03-08-2024 | D95: =IFERROR(DATEVALUE(Table1[[#This Row],[order_date]]),"") -> 45507 | E95: Customer 93 | F95: =IF(ISBLANK(Table1[[#This Row],[customer_name]]),"Unknown Customer",PROPER(SUBSTITUTE(Table1[[#This Row],[customer_name]],"Cust.","Customer"))) -> Customer 93 | G95: US | H95: =IFERROR(_xlfn.XLOOKUP(Table1[[#This Row],[region]],Mappings!$C$3:$C$8,Mappings!$D$3:$D$8,,0,1),"Unknown") -> USA | I95: Mobile | J95: =IFERROR(_xlfn.XLOOKUP(Table1[[#This Row],[sales_channel]],Table4[Original],Table4[Clean],,0,1),"Unknown") -> Mobile | K95: Laptop | L95: =IFERROR(_xlfn.XLOOKUP(Table1[[#This Row],[product]],Table3[Original],Table3[Product_clean],,0,1),"Unknown") -> Laptop | M95: 2 | N95: =IF(ISNUMBER(Table1[[#This Row],[quantity]]),Table1[[#This Row],[quantity]],IFERROR(VLOOKUP(Table1[[#This Row],[quantity]],Table5[#All],2,FALSE),"Unknown")) -> 2 | O95: 93.84 EUR | P95: =IFERROR(VALUE(SUBSTITUTE(SUBSTITUTE(SUBSTITUTE(Table1[[#This Row],[revenue]],"EUR",""),"$",""),".",",")),"") -> 93.84 | Q95: $ | R95: =IF(OR(Table1[[#This Row],[currency]]="EUR",Table1[[#This Row],[currency]]="€"),"EUR",IF(OR(Table1[[#This Row],[currency]]="USD",Table1[[#This Row],[currency]]="$"),"USD","Unknown")) -> USD | S95: pending | T95: =IFERROR(_xlfn.XLOOKUP(Table1[[#This Row],[order_status]],Table8[Original],Table8[Clean],,0,1),"Unknown") -> Pending | U95: 1 | V95: =IF(ISNUMBER(Table1[[#This Row],[delivery_days]]),Table1[[#This Row],[delivery_days]],IFERROR(_xlfn.XLOOKUP(Table1[[#This Row],[delivery_days]],Table57[Original],Table57[Clean],,0,1),"Unknown")) -> 1
B96: =IF(ISBLANK(Table1[[#This Row],[order_id]]),"",IF(LEFT(Table1[[#This Row],[order_id]],3)="ORD",Table1[[#This Row],[order_id]],"ORD-" & Table1[[#This Row],[order_id]])) | C96: 2024-08-31 | D96: =IFERROR(DATEVALUE(Table1[[#This Row],[order_date]]),"") -> 45535 | F96: =IF(ISBLANK(Table1[[#This Row],[customer_name]]),"Unknown Customer",PROPER(SUBSTITUTE(Table1[[#This Row],[customer_name]],"Cust.","Customer"))) -> Unknown Customer | G96: U.S. | H96: =IFERROR(_xlfn.XLOOKUP(Table1[[#This Row],[region]],Mappings!$C$3:$C$8,Mappings!$D$3:$D$8,,0,1),"Unknown") -> USA | I96: online | J96: =IFERROR(_xlfn.XLOOKUP(Table1[[#This Row],[sales_channel]],Table4[Original],Table4[Clean],,0,1),"Unknown") -> Online | K96: Tablet | L96: =IFERROR(_xlfn.XLOOKUP(Table1[[#This Row],[product]],Table3[Original],Table3[Product_clean],,0,1),"Unknown") -> Tablet | M96: 1 | N96: =IF(ISNUMBER(Table1[[#This Row],[quantity]]),Table1[[#This Row],[quantity]],IFERROR(VLOOKUP(Table1[[#This Row],[quantity]],Table5[#All],2,FALSE),"Unknown")) -> 1 | O96: $1372.41 | P96: =IFERROR(VALUE(SUBSTITUTE(SUBSTITUTE(SUBSTITUTE(Table1[[#This Row],[revenue]],"EUR",""),"$",""),".",",")),"") -> 1372.41 | R96: =IF(OR(Table1[[#This Row],[currency]]="EUR",Table1[[#This Row],[currency]]="€"),"EUR",IF(OR(Table1[[#This Row],[currency]]="USD",Table1[[#This Row],[currency]]="$"),"USD","Unknown")) -> Unknown | S96: RETURNED | T96: =IFERROR(_xlfn.XLOOKUP(Table1[[#This Row],[order_status]],Table8[Original],Table8[Clean],,0,1),"Unknown") -> Returned | U96: 5 | V96: =IF(ISNUMBER(Table1[[#This Row],[delivery_days]]),Table1[[#This Row],[delivery_days]],IFERROR(_xlfn.XLOOKUP(Table1[[#This Row],[delivery_days]],Table57[Original],Table57[Clean],,0,1),"Unknown")) -> 5
A97: ORD-1095 | B97: =IF(ISBLANK(Table1[[#This Row],[order_id]]),"",IF(LEFT(Table1[[#This Row],[order_id]],3)="ORD",Table1[[#This Row],[order_id]],"ORD-" & Table1[[#This Row],[order_id]])) -> ORD-1095 | C97: 2024-02-01 | D97: =IFERROR(DATEVALUE(Table1[[#This Row],[order_date]]),"") -> 45323 | F97: =IF(ISBLANK(Table1[[#This Row],[customer_name]]),"Unknown Customer",PROPER(SUBSTITUTE(Table1[[#This Row],[customer_name]],"Cust.","Customer"))) -> Unknown Customer | H97: =IFERROR(_xlfn.XLOOKUP(Table1[[#This Row],[region]],Mappings!$C$3:$C$8,Mappings!$D$3:$D$8,,0,1),"Unknown") -> Unknown | I97: MOBILE | J97: =IFERROR(_xlfn.XLOOKUP(Table1[[#This Row],[sales_channel]],Table4[Original],Table4[Clean],,0,1),"Unknown") -> Mobile | K97: Laptop | L97: =IFERROR(_xlfn.XLOOKUP(Table1[[#This Row],[product]],Table3[Original],Table3[Product_clean],,0,1),"Unknown") -> Laptop | M97: 1 | N97: =IF(ISNUMBER(Table1[[#This Row],[quantity]]),Table1[[#This Row],[quantity]],IFERROR(VLOOKUP(Table1[[#This Row],[quantity]],Table5[#All],2,FALSE),"Unknown")) -> 1 | P97: =IFERROR(VALUE(SUBSTITUTE(SUBSTITUTE(SUBSTITUTE(Table1[[#This Row],[revenue]],"EUR",""),"$",""),".",",")),"") | Q97: € | R97: =IF(OR(Table1[[#This Row],[currency]]="EUR",Table1[[#This Row],[currency]]="€"),"EUR",IF(OR(Table1[[#This Row],[currency]]="USD",Table1[[#This Row],[currency]]="$"),"USD","Unknown")) -> EUR | S97: pending | T97: =IFERROR(_xlfn.XLOOKUP(Table1[[#This Row],[order_status]],Table8[Original],Table8[Clean],,0,1),"Unknown") -> Pending | U97: 2 | V97: =IF(ISNUMBER(Table1[[#This Row],[delivery_days]]),Table1[[#This Row],[delivery_days]],IFERROR(_xlfn.XLOOKUP(Table1[[#This Row],[delivery_days]],Table57[Original],Table57[Clean],,0,1),"Unknown")) -> 2
A98: ORD-1096 | B98: =IF(ISBLANK(Table1[[#This Row],[order_id]]),"",IF(LEFT(Table1[[#This Row],[order_id]],3)="ORD",Table1[[#This Row],[order_id]],"ORD-" & Table1[[#This Row],[order_id]])) -> ORD-1096 | C98: 03-05-2024 | D98: =IFERROR(DATEVALUE(Table1[[#This Row],[order_date]]),"") -> 45415 | F98: =IF(ISBLANK(Table1[[#This Row],[customer_name]]),"Unknown Customer",PROPER(SUBSTITUTE(Table1[[#This Row],[customer_name]],"Cust.","Customer"))) -> Unknown Customer | G98: U.S. | H98: =IFERROR(_xlfn.XLOOKUP(Table1[[#This Row],[region]],Mappings!$C$3:$C$8,Mappings!$D$3:$D$8,,0,1),"Unknown") -> USA | I98: Web | J98: =IFERROR(_xlfn.XLOOKUP(Table1[[#This Row],[sales_channel]],Table4[Original],Table4[Clean],,0,1),"Unknown") -> Online | K98: phone | L98: =IFERROR(_xlfn.XLOOKUP(Table1[[#This Row],[product]],Table3[Original],Table3[Product_clean],,0,1),"Unknown") -> Phone | M98: 1 | N98: =IF(ISNUMBER(Table1[[#This Row],[quantity]]),Table1[[#This Row],[quantity]],IFERROR(VLOOKUP(Table1[[#This Row],[quantity]],Table5[#All],2,FALSE),"Unknown")) -> 1 | O98: $861.3 | P98: =IFERROR(VALUE(SUBSTITUTE(SUBSTITUTE(SUBSTITUTE(Table1[[#This Row],[revenue]],"EUR",""),"$",""),".",",")),"") -> 861.3 | Q98: EUR | R98: =IF(OR(Table1[[#This Row],[currency]]="EUR",Table1[[#This Row],[currency]]="€"),"EUR",IF(OR(Table1[[#This Row],[currency]]="USD",Table1[[#This Row],[currency]]="$"),"USD","Unknown")) -> EUR | T98: =IFERROR(_xlfn.XLOOKUP(Table1[[#This Row],[order_status]],Table8[Original],Table8[Clean],,0,1),"Unknown") -> Unknown | V98: =IF(ISNUMBER(Table1[[#This Row],[delivery_days]]),Table1[[#This Row],[delivery_days]],IFERROR(_xlfn.XLOOKUP(Table1[[#This Row],[delivery_days]],Table57[Original],Table57[Clean],,0,1),"Unknown")) -> Unknown | W98: late delivery
A99: ORD-1097 | B99: =IF(ISBLANK(Table1[[#This Row],[order_id]]),"",IF(LEFT(Table1[[#This Row],[order_id]],3)="ORD",Table1[[#This Row],[order_id]],"ORD-" & Table1[[#This Row],[order_id]])) -> ORD-1097 | C99: 08-08-2024 | D99: =IFERROR(DATEVALUE(Table1[[#This Row],[order_date]]),"") -> 45512 | F99: =IF(ISBLANK(Table1[[#This Row],[customer_name]]),"Unknown Customer",PROPER(SUBSTITUTE(Table1[[#This Row],[customer_name]],"Cust.","Customer"))) -> Unknown Customer | G99: europe | H99: =IFERROR(_xlfn.XLOOKUP(Table1[[#This Row],[region]],Mappings!$C$3:$C$8,Mappings!$D$3:$D$8,,0,1),"Unknown") -> Europe | I99: MOBILE | J99: =IFERROR(_xlfn.XLOOKUP(Table1[[#This Row],[sales_channel]],Table4[Original],Table4[Clean],,0,1),"Unknown") -> Mobile | K99: TABLET | L99: =IFERROR(_xlfn.XLOOKUP(Table1[[#This Row],[product]],Table3[Original],Table3[Product_clean],,0,1),"Unknown") -> Tablet | M99: 1 | N99: =IF(ISNUMBER(Table1[[#This Row],[quantity]]),Table1[[#This Row],[quantity]],IFERROR(VLOOKUP(Table1[[#This Row],[quantity]],Table5[#All],2,FALSE),"Unknown")) -> 1 | O99: 1382.09 EUR | P99: =IFERROR(VALUE(SUBSTITUTE(SUBSTITUTE(SUBSTITUTE(Table1[[#This Row],[revenue]],"EUR",""),"$",""),".",",")),"") -> 1382.09 | Q99: € | R99: =IF(OR(Table1[[#This Row],[currency]]="EUR",Table1[[#This Row],[currency]]="€"),"EUR",IF(OR(Table1[[#This Row],[currency]]="USD",Table1[[#This Row],[currency]]="$"),"USD","Unknown")) -> EUR | S99: returned | T99: =IFERROR(_xlfn.XLOOKUP(Table1[[#This Row],[order_status]],Table8[Original],Table8[Clean],,0,1),"Unknown") -> Returned | U99: 3 | V99: =IF(ISNUMBER(Table1[[#This Row],[delivery_days]]),Table1[[#This Row],[delivery_days]],IFERROR(_xlfn.XLOOKUP(Table1[[#This Row],[delivery_days]],Table57[Original],Table57[Clean],,0,1),"Unknown")) -> 3 | W99: VIP
A100: 1098 | B100: =IF(ISBLANK(Table1[[#This Row],[order_id]]),"",IF(LEFT(Table1[[#This Row],[order_id]],3)="ORD",Table1[[#This Row],[order_id]],"ORD-" & Table1[[#This Row],[order_id]])) -> ORD-1098 | C100: 2024-07-10 | D100: =IFERROR(DATEVALUE(Table1[[#This Row],[order_date]]),"") -> 45483 | E100: Customer 98 | F100: =IF(ISBLANK(Table1[[#This Row],[customer_name]]),"Unknown Customer",PROPER(SUBSTITUTE(Table1[[#This Row],[customer_name]],"Cust.","Customer"))) -> Customer 98 | G100: EU | H100: =IFERROR(_xlfn.XLOOKUP(Table1[[#This Row],[region]],Mappings!$C$3:$C$8,Mappings!$D$3:$D$8,,0,1),"Unknown") -> Europe | I100: MOBILE | J100: =IFERROR(_xlfn.XLOOKUP(Table1[[#This Row],[sales_channel]],Table4[Original],Table4[Clean],,0,1),"Unknown") -> Mobile | K100: Laptop | L100: =IFERROR(_xlfn.XLOOKUP(Table1[[#This Row],[product]],Table3[Original],Table3[Product_clean],,0,1),"Unknown") -> Laptop | M100: 3 | N100: =IF(ISNUMBER(Table1[[#This Row],[quantity]]),Table1[[#This Row],[quantity]],IFERROR(VLOOKUP(Table1[[#This Row],[quantity]],Table5[#All],2,FALSE),"Unknown")) -> 3 | P100: =IFERROR(VALUE(SUBSTITUTE(SUBSTITUTE(SUBSTITUTE(Table1[[#This Row],[revenue]],"EUR",""),"$",""),".",",")),"") | Q100: USD | R100: =IF(OR(Table1[[#This Row],[currency]]="EUR",Table1[[#This Row],[currency]]="€"),"EUR",IF(OR(Table1[[#This Row],[currency]]="USD",Table1[[#This Row],[currency]]="$"),"USD","Unknown")) -> USD | S100: pending | T100: =IFERROR(_xlfn.XLOOKUP(Table1[[#This Row],[order_status]],Table8[Original],Table8[Clean],,0,1),"Unknown") -> Pending | U100: 1 | V100: =IF(ISNUMBER(Table1[[#This Row],[delivery_days]]),Table1[[#This Row],[delivery_days]],IFERROR(_xlfn.XLOOKUP(Table1[[#This Row],[delivery_days]],Table57[Original],Table57[Clean],,0,1),"Unknown")) -> 1 | W100: VIP
...

Sheet Mappings
C2: Original | D2: Clean | H2: Original | I2: Product_clean | M2: Original | N2: Clean | Q2: Original | R2: Clean
C3: EU | D3: Europe | H3: Laptop | I3: Laptop | M3: Online | N3: Online | Q3: two | R3: 2
C4: europe | D4: Europe | H4: Lapotp | I4: Laptop | M4: online | N4: Online
C5: US | D5: USA | H5: phone | I5: Phone | M5: Web | N5: Online
C6: U.S. | D6: USA | H6: Phone | I6: Phone | M6: Mobile | N6: Mobile | Q6: Original | R6: Clean
C7: Asia | D7: Asia | H7: Tablet | I7: Tablet | M7: MOBILE | N7: Mobile | Q7: five | R7: 5
D8: Unknown | H8: TABLET | I8: Tablet
C12: Original | D12: Clean
C13: delivered | D13: Delivered
C14: Delivered | D14: Delivered
C15: returned | D15: Returned
C16: RETURNED | D16: Returned
C17: pending | D17: Pending

Sheet Dashboard
B4: Total Revenue | C4: =GETPIVOTDATA("Revenue_clean",PIVOT!$A$3) -> 710791.34
B5: Total Orders | C5: =GETPIVOTDATA("order_id_clean",PIVOT!$A$12) -> 620
B6: Return Rate | C6: =PIVOT!I17 -> 0.46568627
